-- MySQL dump 10.16  Distrib 10.1.28-MariaDB, for Win32 (AMD64)
--
-- Host: localhost    Database: eapi
-- ------------------------------------------------------
-- Server version	10.1.28-MariaDB

/*!40101 SET @OLD_CHARACTER_SET_CLIENT=@@CHARACTER_SET_CLIENT */;
/*!40101 SET @OLD_CHARACTER_SET_RESULTS=@@CHARACTER_SET_RESULTS */;
/*!40101 SET @OLD_COLLATION_CONNECTION=@@COLLATION_CONNECTION */;
/*!40101 SET NAMES utf8 */;
/*!40103 SET @OLD_TIME_ZONE=@@TIME_ZONE */;
/*!40103 SET TIME_ZONE='+00:00' */;
/*!40014 SET @OLD_UNIQUE_CHECKS=@@UNIQUE_CHECKS, UNIQUE_CHECKS=0 */;
/*!40014 SET @OLD_FOREIGN_KEY_CHECKS=@@FOREIGN_KEY_CHECKS, FOREIGN_KEY_CHECKS=0 */;
/*!40101 SET @OLD_SQL_MODE=@@SQL_MODE, SQL_MODE='NO_AUTO_VALUE_ON_ZERO' */;
/*!40111 SET @OLD_SQL_NOTES=@@SQL_NOTES, SQL_NOTES=0 */;

--
-- Table structure for table `migrations`
--

DROP TABLE IF EXISTS `migrations`;
/*!40101 SET @saved_cs_client     = @@character_set_client */;
/*!40101 SET character_set_client = utf8 */;
CREATE TABLE `migrations` (
  `id` int(10) unsigned NOT NULL AUTO_INCREMENT,
  `migration` varchar(191) COLLATE utf8mb4_unicode_ci NOT NULL,
  `batch` int(11) NOT NULL,
  PRIMARY KEY (`id`)
) ENGINE=InnoDB AUTO_INCREMENT=5 DEFAULT CHARSET=utf8mb4 COLLATE=utf8mb4_unicode_ci;
/*!40101 SET character_set_client = @saved_cs_client */;

--
-- Dumping data for table `migrations`
--

LOCK TABLES `migrations` WRITE;
/*!40000 ALTER TABLE `migrations` DISABLE KEYS */;
INSERT INTO `migrations` VALUES (1,'2014_10_12_000000_create_users_table',1),(2,'2014_10_12_100000_create_password_resets_table',1),(3,'2019_04_19_092508_create_products_table',1),(4,'2019_04_19_092628_create_reviews_table',1);
/*!40000 ALTER TABLE `migrations` ENABLE KEYS */;
UNLOCK TABLES;

--
-- Table structure for table `password_resets`
--

DROP TABLE IF EXISTS `password_resets`;
/*!40101 SET @saved_cs_client     = @@character_set_client */;
/*!40101 SET character_set_client = utf8 */;
CREATE TABLE `password_resets` (
  `email` varchar(191) COLLATE utf8mb4_unicode_ci NOT NULL,
  `token` varchar(191) COLLATE utf8mb4_unicode_ci NOT NULL,
  `created_at` timestamp NULL DEFAULT NULL,
  KEY `password_resets_email_index` (`email`)
) ENGINE=InnoDB DEFAULT CHARSET=utf8mb4 COLLATE=utf8mb4_unicode_ci;
/*!40101 SET character_set_client = @saved_cs_client */;

--
-- Dumping data for table `password_resets`
--

LOCK TABLES `password_resets` WRITE;
/*!40000 ALTER TABLE `password_resets` DISABLE KEYS */;
/*!40000 ALTER TABLE `password_resets` ENABLE KEYS */;
UNLOCK TABLES;

--
-- Table structure for table `products`
--

DROP TABLE IF EXISTS `products`;
/*!40101 SET @saved_cs_client     = @@character_set_client */;
/*!40101 SET character_set_client = utf8 */;
CREATE TABLE `products` (
  `id` int(10) unsigned NOT NULL AUTO_INCREMENT,
  `name` varchar(191) COLLATE utf8mb4_unicode_ci NOT NULL,
  `detail` text COLLATE utf8mb4_unicode_ci NOT NULL,
  `price` int(11) NOT NULL,
  `stock` int(11) NOT NULL,
  `discout` int(11) NOT NULL,
  `created_at` timestamp NULL DEFAULT NULL,
  `updated_at` timestamp NULL DEFAULT NULL,
  PRIMARY KEY (`id`)
) ENGINE=InnoDB AUTO_INCREMENT=51 DEFAULT CHARSET=utf8mb4 COLLATE=utf8mb4_unicode_ci;
/*!40101 SET character_set_client = @saved_cs_client */;

--
-- Dumping data for table `products`
--

LOCK TABLES `products` WRITE;
/*!40000 ALTER TABLE `products` DISABLE KEYS */;
INSERT INTO `products` VALUES (1,'voluptas','Eveniet optio sunt dolore tempora. Ex iste neque qui aut fugiat dolorum nulla. Ea accusantium laudantium suscipit esse.',701,6,29,'2019-04-19 22:00:29','2019-04-19 22:00:29'),(2,'similique','Illo harum fugit occaecati. Ipsum ipsa et et et illo pariatur. Eveniet rerum tempora in quisquam.',891,7,20,'2019-04-19 22:00:29','2019-04-19 22:00:29'),(3,'possimus','Qui minima ipsam rerum magni eius. Id est et voluptatem qui. Maiores tenetur velit esse voluptatum dolore.',459,4,24,'2019-04-19 22:00:29','2019-04-19 22:00:29'),(4,'exercitationem','Laudantium laborum nobis quam. Architecto repudiandae molestiae veritatis dolor. Quos sed aliquam animi ipsum delectus molestiae non. Deserunt accusamus sed recusandae natus.',456,8,16,'2019-04-19 22:00:29','2019-04-19 22:00:29'),(5,'tempora','Et omnis sit modi debitis. Reiciendis eveniet sint laborum eum harum sit. Aliquid rerum laudantium et unde sint est qui.',903,1,6,'2019-04-19 22:00:29','2019-04-19 22:00:29'),(6,'asperiores','Accusamus ex molestiae at error iste voluptas sed sed. Deleniti tenetur minus repellendus aperiam voluptates. Dolores quam vitae ex numquam nesciunt corrupti. Accusantium quia quia fugiat porro facere.',836,4,21,'2019-04-19 22:00:29','2019-04-19 22:00:29'),(7,'eveniet','Id aspernatur aut placeat nobis enim ullam dolores. Quibusdam deleniti voluptatem explicabo aperiam distinctio rem quidem. Ea ut nostrum officiis nostrum ea facere voluptatem. Atque animi consequatur enim tempora. Incidunt temporibus laboriosam nostrum et dolores.',276,7,15,'2019-04-19 22:00:30','2019-04-19 22:00:30'),(8,'labore','Dolore aut vero esse voluptatem vero. Similique culpa vel error dicta. In id sed voluptatibus optio quo error.',106,5,4,'2019-04-19 22:00:30','2019-04-19 22:00:30'),(9,'ut','Non ipsum nemo dolore ut voluptatibus qui quos voluptas. Et assumenda sint et qui. Ut suscipit suscipit libero quo repellendus ea animi. Alias ipsam perspiciatis facere praesentium facere et repudiandae. Explicabo porro ex cumque non.',417,7,20,'2019-04-19 22:00:30','2019-04-19 22:00:30'),(10,'incidunt','Et tenetur perferendis necessitatibus aliquid harum. Ratione illum aliquam sunt et est sunt quis dolores. Qui quia veritatis vero illum ut omnis quod.',113,1,30,'2019-04-19 22:00:30','2019-04-19 22:00:30'),(11,'error','Delectus repellendus blanditiis autem quia cum sed. Provident qui vero ipsam asperiores minus velit. Optio rerum eos odio aperiam.',938,4,21,'2019-04-19 22:00:30','2019-04-19 22:00:30'),(12,'est','Fugiat molestias omnis dolorum odit. Est cum velit adipisci dolor sit.',581,4,17,'2019-04-19 22:00:30','2019-04-19 22:00:30'),(13,'perferendis','Possimus quo doloremque omnis voluptas sint vero suscipit harum. Tempora eum harum minima. Assumenda natus at qui autem quidem aut sapiente similique.',594,5,9,'2019-04-19 22:00:30','2019-04-19 22:00:30'),(14,'quibusdam','Quas odio saepe eos minima dicta nesciunt. Est temporibus accusantium dolores consequuntur provident eos. Odit qui amet molestiae mollitia. Sed sed aspernatur sunt non.',994,4,15,'2019-04-19 22:00:30','2019-04-19 22:00:30'),(15,'cum','Dolore tempora officiis vero pariatur. Est odio omnis quaerat natus rerum suscipit. Vel explicabo recusandae ut dolores iste necessitatibus laudantium.',597,9,18,'2019-04-19 22:00:30','2019-04-19 22:00:30'),(16,'veritatis','Quia explicabo sit quod eos eos totam consectetur. Accusamus minus ut nihil debitis dolor atque eum. Quis ducimus sit quia et voluptate laborum ut blanditiis.',462,7,16,'2019-04-19 22:00:30','2019-04-19 22:00:30'),(17,'dignissimos','Velit minima eos aspernatur quae. Rerum at eos praesentium. Ex dignissimos voluptatem iusto et. Ad ea perspiciatis nihil vitae non qui beatae.',723,7,14,'2019-04-19 22:00:30','2019-04-19 22:00:30'),(18,'aperiam','Magni enim unde assumenda dolorum sequi. Nam id quod voluptatem consectetur. Placeat accusantium velit exercitationem eius eum.',539,2,9,'2019-04-19 22:00:30','2019-04-19 22:00:30'),(19,'molestias','Numquam dicta aspernatur error qui consectetur voluptate iusto vel. Vero molestias ipsum aut sunt. Iste suscipit iste nesciunt porro est quis. Repellat et accusamus quasi consectetur. Est dignissimos et exercitationem consequatur totam asperiores dolore.',703,8,2,'2019-04-19 22:00:30','2019-04-19 22:00:30'),(20,'eos','Non excepturi rem nisi harum rem veniam molestias. Ut minima dolorem veniam. Sed velit sequi debitis ea similique vero placeat laudantium. Et temporibus officia nam debitis rerum.',318,7,8,'2019-04-19 22:00:30','2019-04-19 22:00:30'),(21,'ipsam','Pariatur qui accusamus velit impedit eum minus. Consequatur sit ipsum qui porro. Perferendis eum rerum voluptatem ut ipsum dolor.',796,9,20,'2019-04-19 22:00:30','2019-04-19 22:00:30'),(22,'nostrum','Deserunt maiores amet corrupti autem autem repellat. Ex excepturi sapiente excepturi ducimus adipisci. Dicta numquam facilis est laudantium. Qui tempora ut voluptas et quia aperiam.',804,9,24,'2019-04-19 22:00:30','2019-04-19 22:00:30'),(23,'architecto','Quis veritatis ullam sed ut voluptas qui. Eaque similique labore numquam voluptas. Possimus officiis perferendis odit maxime. Fuga aut distinctio non libero vero facere ipsum.',480,0,21,'2019-04-19 22:00:30','2019-04-19 22:00:30'),(24,'tenetur','Nihil a et rerum ab ut. Enim velit commodi inventore. Dolor temporibus voluptate aperiam ullam ut vel commodi. Sit molestiae ipsam illo commodi et ea doloremque.',990,0,8,'2019-04-19 22:00:30','2019-04-19 22:00:30'),(25,'consectetur','Qui non similique quia. Nobis voluptates vel provident dolorem voluptate est. Aliquam aut nesciunt suscipit vero ex voluptatem. Voluptatem totam possimus reprehenderit possimus deleniti nulla.',416,8,9,'2019-04-19 22:00:30','2019-04-19 22:00:30'),(26,'omnis','Quisquam et non esse. Qui tempore sint qui iste. Sed nisi reiciendis voluptas inventore. Veritatis dolorem veniam enim sed magni in.',194,4,20,'2019-04-19 22:00:31','2019-04-19 22:00:31'),(27,'esse','Necessitatibus consectetur magnam molestiae dolore deserunt. Id omnis optio velit est et. Consequuntur autem rerum laudantium aut fugiat. Quo aut quo consectetur molestiae.',635,1,23,'2019-04-19 22:00:31','2019-04-19 22:00:31'),(28,'dignissimos','Magnam enim quis qui nobis. In et eum hic nihil. Labore cum sed autem ratione dolor autem quia nam. Quod et ut a similique sunt aperiam.',139,2,28,'2019-04-19 22:00:31','2019-04-19 22:00:31'),(29,'et','Adipisci voluptatem minima explicabo. Cumque dolorum dolore laboriosam molestias. Tempora enim adipisci ad.',274,3,28,'2019-04-19 22:00:31','2019-04-19 22:00:31'),(30,'et','Voluptas sint a error non et non vel. Placeat culpa sapiente ut soluta. Ab ad consequuntur ad qui repellat nisi laboriosam tempora.',505,5,27,'2019-04-19 22:00:31','2019-04-19 22:00:31'),(31,'libero','Deleniti natus non sed soluta. Velit dolores nam rerum aperiam odit quia. Maiores modi aperiam tempora nesciunt fuga aut nam. Minus accusamus corporis eos eius voluptas veniam a.',118,8,23,'2019-04-19 22:00:31','2019-04-19 22:00:31'),(32,'odit','Sapiente aspernatur dolores perspiciatis quia maiores voluptatem blanditiis rerum. Eos quia ut fugiat voluptas. Esse quia sed itaque eveniet saepe eos dignissimos. Labore aut voluptatem maxime sapiente delectus reprehenderit non.',196,6,14,'2019-04-19 22:00:31','2019-04-19 22:00:31'),(33,'eveniet','Veritatis iste laudantium fuga vitae ut perferendis voluptatem. Qui blanditiis velit excepturi. Est inventore quidem consequatur sint assumenda qui. Et quae distinctio error asperiores.',621,9,10,'2019-04-19 22:00:31','2019-04-19 22:00:31'),(34,'laborum','Perferendis id tempora velit rerum deserunt. Beatae iure corporis praesentium temporibus dolor. Et nihil laudantium facere impedit. Velit quas unde unde aut.',420,5,16,'2019-04-19 22:00:31','2019-04-19 22:00:31'),(35,'non','Ducimus vitae ipsum sit et aliquam expedita maxime. Totam harum amet unde cumque nulla et. Incidunt est nostrum vero inventore quos voluptatem.',821,9,25,'2019-04-19 22:00:31','2019-04-19 22:00:31'),(36,'qui','Ex porro doloremque eius et omnis eaque. Fugit aut atque expedita porro debitis molestias aspernatur. Quia perferendis ut alias officiis repellat voluptatem quod.',334,8,15,'2019-04-19 22:00:31','2019-04-19 22:00:31'),(37,'tempore','Qui nostrum quaerat beatae quam voluptas. Eius qui reiciendis et error nihil maiores. Quibusdam est omnis sapiente quis.',480,3,30,'2019-04-19 22:00:31','2019-04-19 22:00:31'),(38,'et','Aut quam sequi laboriosam voluptatem voluptas ipsum. Sunt facilis fugit quis excepturi natus. Perspiciatis facere est vel alias sed sunt. Cum ullam non asperiores officiis.',259,3,7,'2019-04-19 22:00:31','2019-04-19 22:00:31'),(39,'ducimus','Dolorem deserunt adipisci nam aliquam magni. Ipsam ab iusto fugit sapiente voluptatem ipsa accusamus temporibus. Eligendi illum nostrum corrupti ut quia.',208,7,11,'2019-04-19 22:00:31','2019-04-19 22:00:31'),(40,'modi','Et doloremque occaecati occaecati. Placeat dolorum eos nihil vel non sit.',764,8,13,'2019-04-19 22:00:31','2019-04-19 22:00:31'),(41,'accusamus','Omnis saepe id ut aut veniam officiis. Culpa est reiciendis quia incidunt aut. Aut assumenda est non provident sit ex ullam.',575,9,29,'2019-04-19 22:00:31','2019-04-19 22:00:31'),(42,'id','Deserunt quos suscipit omnis et repellendus aperiam. Aut officiis veritatis eos est aliquid voluptatum non a. Aut perferendis consequatur est rem. Officia sint quo officiis fugiat. Eius nostrum ex iure aperiam et error.',489,8,23,'2019-04-19 22:00:31','2019-04-19 22:00:31'),(43,'dolorem','Nemo quae sit eaque cupiditate. Ex aut harum facilis mollitia aliquid ea molestiae. Perferendis amet et cupiditate vel velit. Impedit cupiditate et consequatur explicabo.',311,1,5,'2019-04-19 22:00:31','2019-04-19 22:00:31'),(44,'exercitationem','Laborum magni eos consequatur excepturi sed magnam consequuntur. Unde corrupti animi id earum architecto veniam ut. Tempora quas est sunt.',552,4,27,'2019-04-19 22:00:31','2019-04-19 22:00:31'),(45,'ut','Delectus modi voluptas ipsa fugiat aspernatur aut est. Tempore eum vel veritatis omnis voluptas libero. Eveniet reprehenderit quam quia veritatis quia. Tempora fuga est quia consequatur quas harum quo libero. Perferendis natus quos alias est et commodi.',231,5,14,'2019-04-19 22:00:31','2019-04-19 22:00:31'),(46,'ea','Aut suscipit ea in quia iste dolore quia nisi. Aspernatur tempora adipisci sunt aliquam dicta vero veritatis. Illum nobis quia ut inventore voluptas itaque sint.',725,3,22,'2019-04-19 22:00:31','2019-04-19 22:00:31'),(47,'voluptatibus','Voluptatem suscipit blanditiis ad aliquam tenetur distinctio. Est veritatis consequatur ut expedita et. Minima repudiandae in optio incidunt omnis dolor ut id. Perspiciatis placeat aut et aut vel voluptatibus.',873,1,21,'2019-04-19 22:00:31','2019-04-19 22:00:31'),(48,'deleniti','Quisquam quam ea natus ratione repellendus et similique. Voluptate commodi provident quia dolor. Tempore voluptatem et vel consequatur neque cumque dolorem. Molestias pariatur nam velit odit qui aliquam.',672,8,13,'2019-04-19 22:00:31','2019-04-19 22:00:31'),(49,'voluptas','Repudiandae rem aut aut nihil repellat illum nisi. Fugit et nemo fugit et. Doloribus aperiam qui perferendis quaerat est possimus.',182,5,10,'2019-04-19 22:00:31','2019-04-19 22:00:31'),(50,'ratione','Quae perspiciatis incidunt cumque consequatur. Enim non quaerat velit quo et magnam corrupti molestias. Ut ipsam voluptatum harum laudantium dignissimos aut.',788,1,3,'2019-04-19 22:00:31','2019-04-19 22:00:31');
/*!40000 ALTER TABLE `products` ENABLE KEYS */;
UNLOCK TABLES;

--
-- Table structure for table `reviews`
--

DROP TABLE IF EXISTS `reviews`;
/*!40101 SET @saved_cs_client     = @@character_set_client */;
/*!40101 SET character_set_client = utf8 */;
CREATE TABLE `reviews` (
  `id` int(10) unsigned NOT NULL AUTO_INCREMENT,
  `product_id` int(10) unsigned NOT NULL,
  `customer` varchar(191) COLLATE utf8mb4_unicode_ci NOT NULL,
  `review` text COLLATE utf8mb4_unicode_ci NOT NULL,
  `star` int(11) NOT NULL,
  `created_at` timestamp NULL DEFAULT NULL,
  `updated_at` timestamp NULL DEFAULT NULL,
  PRIMARY KEY (`id`),
  KEY `reviews_product_id_index` (`product_id`),
  CONSTRAINT `reviews_product_id_foreign` FOREIGN KEY (`product_id`) REFERENCES `products` (`id`) ON DELETE CASCADE
) ENGINE=InnoDB AUTO_INCREMENT=301 DEFAULT CHARSET=utf8mb4 COLLATE=utf8mb4_unicode_ci;
/*!40101 SET character_set_client = @saved_cs_client */;

--
-- Dumping data for table `reviews`
--

LOCK TABLES `reviews` WRITE;
/*!40000 ALTER TABLE `reviews` DISABLE KEYS */;
INSERT INTO `reviews` VALUES (1,47,'Prof. Norval Metz Jr.','Voluptas quasi commodi velit porro. Odit quae deserunt consequatur quae nemo libero dolores aut. Non quibusdam voluptas suscipit voluptate. Accusamus amet dolorem hic id.',5,'2019-04-19 22:00:32','2019-04-19 22:00:32'),(2,12,'Roman Kihn','Officiis qui sapiente omnis temporibus. Nam ea numquam non nemo aut rem vel. Quia aliquam quos id id minus qui quidem omnis. Voluptatem id rerum sit quis.',5,'2019-04-19 22:00:33','2019-04-19 22:00:33'),(3,14,'Khalil Hartmann','Voluptas provident impedit ab nemo commodi voluptate. Assumenda voluptatem est quisquam nisi. Dignissimos quia recusandae impedit dolores debitis excepturi.',3,'2019-04-19 22:00:33','2019-04-19 22:00:33'),(4,42,'Ms. Noemie Bogan Jr.','Architecto vel doloremque quia minus commodi ratione officia. Beatae dolorem et libero quis. Cum impedit ea nihil consequuntur quo. Est consequatur sed eius vitae quasi odit.',4,'2019-04-19 22:00:33','2019-04-19 22:00:33'),(5,36,'Savanah Hudson','Temporibus adipisci consectetur deserunt et fuga sit quia. Placeat sint est est ab a porro provident. Deleniti qui harum adipisci accusamus aut qui. Aut impedit enim et enim sapiente.',2,'2019-04-19 22:00:33','2019-04-19 22:00:33'),(6,21,'London Koepp Jr.','Voluptatum totam et commodi sint. Et et aut et sunt soluta. Consequatur voluptatibus amet dolore aut provident voluptatem maxime cupiditate.',3,'2019-04-19 22:00:33','2019-04-19 22:00:33'),(7,4,'Prof. Xander Christiansen','Est repudiandae sint tempora aliquam enim ad neque. Eos nihil est voluptas quisquam nemo saepe. Perspiciatis ut ab soluta porro pariatur sed ratione.',1,'2019-04-19 22:00:33','2019-04-19 22:00:33'),(8,23,'Melyssa Williamson','Quasi vel nulla cupiditate dolores cumque sit. Cumque quos autem qui nobis minus est non. Tempora quasi atque voluptatem commodi et veritatis. Excepturi nam quasi qui tenetur optio reprehenderit.',1,'2019-04-19 22:00:33','2019-04-19 22:00:33'),(9,6,'Anahi Carroll','Molestias molestiae vel nulla. Amet aspernatur sit veritatis modi quia. Magnam similique dolorem perspiciatis esse repudiandae autem. Blanditiis consequatur nulla voluptatem eligendi eos ex culpa repudiandae.',1,'2019-04-19 22:00:33','2019-04-19 22:00:33'),(10,3,'Prof. Halle Kling Jr.','Facere alias dicta vel aperiam rerum. Labore distinctio et aut tenetur quisquam culpa quaerat est. Quod aliquam commodi tenetur quo. Enim fuga et optio sit ullam porro doloribus.',4,'2019-04-19 22:00:33','2019-04-19 22:00:33'),(11,17,'Prof. Edward Wiza','Rerum fugiat omnis pariatur. Quo et et laboriosam a id doloremque. Accusantium voluptatem atque esse dolorum dolorum expedita. Ipsa nesciunt aut dolorem expedita.',3,'2019-04-19 22:00:33','2019-04-19 22:00:33'),(12,21,'Earline Kling','Et pariatur nesciunt aut voluptas voluptates repellendus dolores. Non soluta dicta vitae ut. Labore quam possimus esse sint eum. Vero dolorum illo et aliquam.',5,'2019-04-19 22:00:33','2019-04-19 22:00:33'),(13,34,'Tressie Russel','Sunt nam id illum tenetur. Id aliquid iste id. Voluptatem aliquid asperiores quo. Molestiae animi voluptatum sed rerum aspernatur dolorem.',0,'2019-04-19 22:00:33','2019-04-19 22:00:33'),(14,41,'Ofelia Raynor','A est earum quasi iste. Ipsum blanditiis qui sed laborum odio eos. Aut rerum commodi omnis qui ut.',5,'2019-04-19 22:00:33','2019-04-19 22:00:33'),(15,32,'Mr. Sanford Sanford I','Modi rerum quia aut perferendis. Atque facilis dolores similique qui aut neque animi dolorem. Laborum vero quas possimus commodi dolores quia et. Consequuntur vel quos vel et sunt.',2,'2019-04-19 22:00:33','2019-04-19 22:00:33'),(16,32,'Mrs. Tianna Monahan','Consequatur vero sapiente sint eveniet. Dicta iste doloribus nihil omnis distinctio consequatur et. Consequatur qui possimus eos placeat ea et. Voluptates molestiae est et animi dolores nesciunt distinctio.',5,'2019-04-19 22:00:33','2019-04-19 22:00:33'),(17,32,'Dr. Linwood Sanford','Iure perspiciatis voluptatem corrupti assumenda quos. Officia earum quidem non laborum sint velit et est.',5,'2019-04-19 22:00:33','2019-04-19 22:00:33'),(18,48,'Ms. Fiona Jacobi II','Aliquid adipisci architecto unde ea. Perspiciatis aliquam totam iusto non est aperiam.',4,'2019-04-19 22:00:33','2019-04-19 22:00:33'),(19,7,'Marty Pacocha','Optio voluptas aut cum quia nemo sit. Alias earum deleniti qui non quibusdam eos sit nesciunt. Et molestiae dolorem aperiam odio.',0,'2019-04-19 22:00:33','2019-04-19 22:00:33'),(20,21,'Mr. Akeem Ratke DVM','Omnis accusamus voluptatem earum ut quia laudantium quos non. Iste nam consequatur soluta fuga non nulla consectetur quia. Quae odio est soluta ea ut. Commodi non sed omnis.',2,'2019-04-19 22:00:33','2019-04-19 22:00:33'),(21,8,'Roselyn Anderson','Ullam voluptas deleniti suscipit qui aliquid. Qui sequi id sapiente. Consequatur numquam quia repudiandae voluptatem quidem quo modi.',5,'2019-04-19 22:00:33','2019-04-19 22:00:33'),(22,1,'Gabe Daugherty','Deleniti et aut necessitatibus eligendi provident quisquam totam. Explicabo id aspernatur possimus quia molestiae. Facere ducimus et officiis molestiae quas. Sed aspernatur officia sunt repellendus cum qui quae vel.',4,'2019-04-19 22:00:33','2019-04-19 22:00:33'),(23,37,'Dr. Mustafa Durgan','Dolore quibusdam non veritatis quae. Quos laudantium velit eveniet eveniet. Voluptatem harum mollitia numquam assumenda accusamus tempora quibusdam a. Est aspernatur molestiae voluptatem ipsum sint.',1,'2019-04-19 22:00:33','2019-04-19 22:00:33'),(24,11,'Prof. Reinhold Prosacco','Omnis ducimus explicabo cumque sint ut ipsum. Ut quia perferendis et impedit ab est magni. Ipsa et ducimus placeat accusamus voluptatem beatae. Porro numquam illum ipsa non.',1,'2019-04-19 22:00:33','2019-04-19 22:00:33'),(25,50,'Ms. Maida Olson DVM','Enim rerum dolorem totam nobis et incidunt delectus. Soluta qui et nihil culpa sint voluptatem. Consequatur earum sed odio iusto. Aut dolores voluptatem iusto ipsum voluptatem voluptatem vero omnis.',2,'2019-04-19 22:00:33','2019-04-19 22:00:33'),(26,42,'Libbie Kuphal','Dolores libero ab molestiae aut. Illo facilis id aut illum a. Fugit ea molestias dolorum ex. Et nulla minima autem.',1,'2019-04-19 22:00:33','2019-04-19 22:00:33'),(27,28,'Hosea Funk','Voluptatem autem impedit est minima porro. Magni illo itaque et est quam blanditiis. Sed quis in doloribus maiores dolores.',0,'2019-04-19 22:00:34','2019-04-19 22:00:34'),(28,44,'Alan Schultz V','Optio deleniti quaerat et tempore illo. Quos sint dolores voluptatem quod eum. Ipsa qui voluptatem debitis dolorum eligendi. Suscipit pariatur eligendi doloremque rerum qui eos.',1,'2019-04-19 22:00:34','2019-04-19 22:00:34'),(29,8,'Prof. Myrl West','Id tenetur distinctio modi blanditiis. Sed quo magni quam quibusdam impedit. Ex qui non omnis quo delectus.',2,'2019-04-19 22:00:34','2019-04-19 22:00:34'),(30,13,'Dr. Ivory Labadie','Distinctio voluptas cum et dolorem impedit temporibus. Est earum magnam voluptatem ex vitae non vitae.',5,'2019-04-19 22:00:34','2019-04-19 22:00:34'),(31,6,'Antonia Reichert','Ipsum dolor rerum non dolores voluptatibus eaque voluptas. Est laudantium sunt vitae.',1,'2019-04-19 22:00:34','2019-04-19 22:00:34'),(32,21,'Niko Hickle','Numquam fugit non qui expedita ratione occaecati quasi. Iusto et totam ea nihil unde dolores quos non. Et corporis occaecati consequuntur accusamus saepe cumque inventore. Sit repellat sint architecto magni et mollitia cum.',3,'2019-04-19 22:00:34','2019-04-19 22:00:34'),(33,44,'Florian Howell','Consequatur qui at vel dolor ratione veniam. Veritatis et dicta in cumque autem. Est eius autem iusto maiores et. Consequatur aut in qui pariatur voluptatem natus quia.',3,'2019-04-19 22:00:34','2019-04-19 22:00:34'),(34,29,'Dr. Jovany Jacobi V','Cupiditate odit voluptates culpa tempora. Ea voluptates magni excepturi eveniet ipsa adipisci qui. Est rem quis debitis fuga sunt quia corrupti. Explicabo ab et praesentium qui rerum tenetur doloribus. Officiis cum iste facere eum est non.',2,'2019-04-19 22:00:34','2019-04-19 22:00:34'),(35,27,'Summer Schneider','Asperiores est occaecati molestiae distinctio repellendus consequuntur vel. Ut laborum vitae quibusdam nam quisquam accusantium quas. Porro et aut autem illum facere aliquid porro voluptatem.',0,'2019-04-19 22:00:34','2019-04-19 22:00:34'),(36,44,'Yasmin Jaskolski','Recusandae ut voluptates qui similique eos alias rerum. Esse praesentium architecto soluta rerum quis beatae maiores illum. Et quibusdam at aliquid quasi.',2,'2019-04-19 22:00:34','2019-04-19 22:00:34'),(37,9,'Vilma Towne','Molestias similique dolor eos voluptate. Officia iste quaerat mollitia. Incidunt voluptatem placeat ea est.',1,'2019-04-19 22:00:34','2019-04-19 22:00:34'),(38,40,'Miss Ettie Morar V','Nostrum nam ut expedita vel. Aperiam accusantium dignissimos deserunt consectetur odit qui. Architecto quis aut accusamus nulla voluptas quidem architecto corporis. Dolor deleniti sapiente quibusdam qui fugiat sed officia dolores.',1,'2019-04-19 22:00:34','2019-04-19 22:00:34'),(39,23,'Erick O\'Reilly','Facilis et qui omnis exercitationem odio et et soluta. Alias quis non at dolore dolores. Ut quis mollitia adipisci adipisci eum deleniti. Quo nobis unde reiciendis perferendis dicta adipisci.',4,'2019-04-19 22:00:34','2019-04-19 22:00:34'),(40,24,'Brian Larkin','Dolores et ipsam ea deleniti. At pariatur tempore voluptas. Ipsum est cumque iure est asperiores. Natus illo ea ipsa possimus.',2,'2019-04-19 22:00:34','2019-04-19 22:00:34'),(41,42,'Cathrine Mitchell','Omnis dolor illo odit consequatur quis nihil. Suscipit esse sed quae. Adipisci earum voluptatem iure. Dolor placeat officia quam earum consequatur nisi.',2,'2019-04-19 22:00:34','2019-04-19 22:00:34'),(42,45,'Dr. Isobel Streich DDS','Consequatur repellat voluptas dolore. Dicta nostrum ipsa itaque consectetur placeat. Iure quae accusantium et error delectus. Iure qui ut voluptatum corrupti dolores ut.',2,'2019-04-19 22:00:34','2019-04-19 22:00:34'),(43,38,'Matilde Pacocha','Unde ut ipsa aut dolores magni quasi. Molestiae dolorum ex deserunt. Sint et natus est vel praesentium corrupti. Voluptatum pariatur et ex temporibus distinctio tempore.',4,'2019-04-19 22:00:34','2019-04-19 22:00:34'),(44,16,'Katarina Lockman','Voluptates placeat iste eos sint necessitatibus eum amet. Et ullam voluptates eos et consequatur et. Tempore temporibus rerum reprehenderit rem doloremque dicta omnis.',0,'2019-04-19 22:00:34','2019-04-19 22:00:34'),(45,16,'Mrs. Duane Purdy','Modi sit eligendi velit mollitia. Qui rerum praesentium quia id voluptas et dolorem quo. Adipisci sit aut mollitia labore sunt aut. Id deleniti exercitationem cumque et.',2,'2019-04-19 22:00:34','2019-04-19 22:00:34'),(46,2,'Brady Stanton','Autem voluptatibus incidunt eos reprehenderit nam odit laboriosam nihil. Eum impedit deserunt cumque a itaque. Officia magnam esse animi rerum. Dolores laudantium aliquid facere.',1,'2019-04-19 22:00:34','2019-04-19 22:00:34'),(47,10,'Dr. Kayla Schumm Jr.','Voluptas necessitatibus et eos aut voluptatibus omnis. Omnis provident nobis similique voluptate voluptate. Doloremque in iste doloremque provident impedit ut quaerat. Ex debitis non quo qui sint dolor fugit.',2,'2019-04-19 22:00:34','2019-04-19 22:00:34'),(48,30,'Thelma Waelchi','Ad odio ipsa non tempora autem odit consequatur. Nisi praesentium sunt non itaque. Neque doloremque neque alias quisquam.',0,'2019-04-19 22:00:34','2019-04-19 22:00:34'),(49,26,'Alphonso Paucek PhD','Voluptatem architecto et odio. Eos dolorem natus consectetur consequatur. Inventore dolor numquam ab sequi ex nesciunt. Temporibus vitae esse consequatur.',0,'2019-04-19 22:00:34','2019-04-19 22:00:34'),(50,16,'Mitchel Mayert','Quae quis et ipsum error. Neque qui dolor nobis et aut quia aliquid. Aut enim ut adipisci laborum et et repudiandae.',2,'2019-04-19 22:00:34','2019-04-19 22:00:34'),(51,32,'Palma Stracke','Sequi modi non et rerum. Et dolores dolores cumque libero vitae sed. Id cupiditate quis nulla rem non eveniet. Repellat aperiam aut repellendus voluptatem sed ad.',3,'2019-04-19 22:00:34','2019-04-19 22:00:34'),(52,4,'Mr. Ford Tillman','Aut quo ullam et voluptatem debitis. Ipsum praesentium facilis voluptates dicta.',4,'2019-04-19 22:00:34','2019-04-19 22:00:34'),(53,4,'Mr. Ambrose Robel V','Eveniet non voluptate sunt facilis. Corrupti odit adipisci nemo rerum dolorem aut voluptas. Unde sint facilis repellendus dicta repudiandae. Soluta architecto enim dignissimos mollitia maiores.',5,'2019-04-19 22:00:34','2019-04-19 22:00:34'),(54,38,'Augustus Steuber','Libero cum aut ut praesentium unde. Aliquam aliquid sequi porro facilis quidem. Et odio magnam et nam perferendis sint. Neque ut voluptatum dolore temporibus temporibus suscipit deserunt. Nam reiciendis id est minima.',4,'2019-04-19 22:00:34','2019-04-19 22:00:34'),(55,24,'Prof. Luis Buckridge','Aut ut eveniet molestiae amet iure quaerat. Quia aut et ullam aut temporibus illum. Odio voluptatum ut quia quas.',4,'2019-04-19 22:00:35','2019-04-19 22:00:35'),(56,31,'Luz Stracke MD','Sint aut quod nostrum. Et velit molestiae est repudiandae sit quod pariatur. Modi quae sed consectetur repudiandae officiis eveniet et.',5,'2019-04-19 22:00:35','2019-04-19 22:00:35'),(57,35,'Mr. Colby Reichel','Hic excepturi delectus ut laudantium officiis facilis esse eius. Hic et nihil dolorem placeat qui.',5,'2019-04-19 22:00:35','2019-04-19 22:00:35'),(58,11,'Ms. Constance Mayert V','Minus dolorem dolor est. Nihil quam nihil rerum rerum beatae et earum. Qui eos consequatur quaerat vero deserunt similique accusantium. Architecto dolorem nulla amet iure quae. Velit dolores quis sit sed quae exercitationem tempora repellat.',5,'2019-04-19 22:00:35','2019-04-19 22:00:35'),(59,13,'Prof. Gavin Breitenberg DVM','Dolorem sed et magnam perspiciatis illum temporibus iste unde. Qui eius omnis quo. Esse et totam dolores molestiae et. Dolores quae officiis in quis. Dolorem impedit pariatur reiciendis nihil.',3,'2019-04-19 22:00:35','2019-04-19 22:00:35'),(60,21,'Wanda Kohler','Ea porro sit at repellendus iste reiciendis aut. Placeat voluptatem omnis ipsum provident. Ipsa beatae doloremque autem aut voluptatem veniam. Consequatur aut dolores voluptatem at alias aut.',2,'2019-04-19 22:00:35','2019-04-19 22:00:35'),(61,21,'Prof. Willard Larson DVM','Et ullam fuga doloribus autem occaecati. Iste quaerat qui corrupti repellat quisquam.',3,'2019-04-19 22:00:35','2019-04-19 22:00:35'),(62,43,'Ms. Sandrine Orn II','Voluptatem nulla perspiciatis aut similique sint quae. Adipisci quos sapiente deleniti. Accusamus rerum omnis sed cum. Minima ea dolor quae ducimus.',3,'2019-04-19 22:00:35','2019-04-19 22:00:35'),(63,49,'Krystal Abbott','Soluta nihil quaerat dolor dolores rem iste voluptatem. Aut ut et fugiat qui. Error et perferendis ex nihil.',3,'2019-04-19 22:00:35','2019-04-19 22:00:35'),(64,7,'Corine Wolf','Aut autem id ea dicta enim ullam. Sit et neque sequi repellat error deleniti rerum rerum. Accusantium ea mollitia facilis. Ut ea et provident rem voluptates et.',4,'2019-04-19 22:00:35','2019-04-19 22:00:35'),(65,18,'Dr. Lauretta Pollich PhD','Quod non officiis ex. Ut nesciunt maxime exercitationem eum neque. Magnam rem qui aut exercitationem dolorem sequi.',3,'2019-04-19 22:00:35','2019-04-19 22:00:35'),(66,48,'Estell Kohler','Incidunt aliquam aspernatur velit sit adipisci. Id omnis magnam inventore veniam non quo.',1,'2019-04-19 22:00:35','2019-04-19 22:00:35'),(67,15,'Candace Streich II','Quia consectetur consequatur quis quam blanditiis aspernatur in nesciunt. Sit dolor dolores voluptatem reprehenderit. Molestiae esse nemo eius maiores accusantium neque.',1,'2019-04-19 22:00:35','2019-04-19 22:00:35'),(68,41,'Missouri Roberts Jr.','Beatae velit dolore tempore voluptatem sapiente perferendis optio. Eveniet vel suscipit quis numquam. Veritatis aspernatur quasi qui quod sint in.',4,'2019-04-19 22:00:35','2019-04-19 22:00:35'),(69,47,'Miss Jessika McDermott MD','Facilis ut reprehenderit laudantium beatae unde impedit. Modi reiciendis aspernatur nesciunt consequatur. Voluptas sunt rerum omnis. Sit sed consequatur quas ut cupiditate illo maiores. Ipsum et et suscipit voluptas provident facere quam.',2,'2019-04-19 22:00:35','2019-04-19 22:00:35'),(70,11,'Valentina Lehner','Consequatur voluptate odit eos sed enim. Asperiores dolorem consequatur harum. Ad quo nobis harum quis. Dicta repudiandae consequatur consequatur repudiandae.',2,'2019-04-19 22:00:35','2019-04-19 22:00:35'),(71,29,'Unique Bernhard','Incidunt nesciunt unde sequi quas quis placeat tempora. Nemo sequi ut autem magni. Sit recusandae animi quisquam velit provident et et. Debitis minus dicta qui repudiandae qui.',5,'2019-04-19 22:00:35','2019-04-19 22:00:35'),(72,22,'Marquise Leuschke','Aspernatur autem ut voluptas velit amet iste. Commodi necessitatibus aut in doloribus. Fuga totam tenetur et mollitia eos nihil dolores. Nihil dolorem omnis magni suscipit cum.',3,'2019-04-19 22:00:35','2019-04-19 22:00:35'),(73,36,'Kailee Schulist','Quisquam modi distinctio est dolorem id ut. In autem facilis nostrum omnis et. Numquam est quo totam cum quaerat nam.',2,'2019-04-19 22:00:35','2019-04-19 22:00:35'),(74,42,'Thomas Green','Doloremque dolorem recusandae dolores maiores corporis. Unde molestiae ut omnis voluptatem quaerat. Provident odio debitis voluptas a distinctio.',5,'2019-04-19 22:00:35','2019-04-19 22:00:35'),(75,29,'Felicity Swaniawski','Occaecati qui ut est aperiam officiis ducimus voluptas modi. Quia sit illo rerum quasi totam officiis. Accusantium nobis qui ab et sint qui.',1,'2019-04-19 22:00:35','2019-04-19 22:00:35'),(76,43,'Isabella Kuhic','Dolores consectetur consequatur animi libero aut ut ex similique. Atque neque quis repudiandae sit necessitatibus corporis totam. Dolores et corporis similique consectetur earum. Maiores sequi quia provident dolor deleniti.',1,'2019-04-19 22:00:35','2019-04-19 22:00:35'),(77,18,'Dr. Fatima Veum III','Quae ipsam in nihil a odit. Eum quaerat esse aut iure debitis nesciunt ea. Rem incidunt fugiat ea nihil tempora ipsa consequatur. Illo assumenda consequatur sint excepturi velit nam.',0,'2019-04-19 22:00:35','2019-04-19 22:00:35'),(78,23,'Sebastian Ankunding','Aliquam reprehenderit provident qui repudiandae. Eligendi omnis deleniti dignissimos veniam et incidunt. Dolor pariatur recusandae veritatis. Consequatur vel molestias officia voluptatem provident deserunt. Occaecati necessitatibus deserunt adipisci voluptatem laudantium dolorem.',4,'2019-04-19 22:00:35','2019-04-19 22:00:35'),(79,22,'Brandi Bradtke','Eaque hic voluptatem asperiores enim quidem dignissimos cumque. Id quod consequatur rerum et dolores. Ut quod enim a est ullam ducimus.',2,'2019-04-19 22:00:35','2019-04-19 22:00:35'),(80,2,'George Weber II','Aperiam non enim reprehenderit. Et et perferendis non dolores.',1,'2019-04-19 22:00:35','2019-04-19 22:00:35'),(81,5,'Dudley Johns','Aut ipsa sequi incidunt exercitationem iusto eius quos. Laboriosam sequi est libero. Debitis dolorem tempora consequatur dolorem. Dolor voluptas et incidunt reiciendis impedit ad debitis.',5,'2019-04-19 22:00:35','2019-04-19 22:00:35'),(82,17,'Mrs. Sonya Purdy MD','Voluptas qui nesciunt quo aut aut in. Cumque ducimus sunt quisquam. Quaerat reprehenderit reprehenderit quia et possimus alias. Modi necessitatibus voluptatem quos impedit labore iure.',2,'2019-04-19 22:00:36','2019-04-19 22:00:36'),(83,17,'Milan Konopelski DDS','Quia repellat a iste maxime quibusdam. Soluta non adipisci nisi nostrum maxime laboriosam. Incidunt autem sit dignissimos numquam aliquam enim aut.',2,'2019-04-19 22:00:36','2019-04-19 22:00:36'),(84,11,'Rowena Kling','Quia doloribus qui veniam soluta. Quidem ut esse nam quaerat et.',0,'2019-04-19 22:00:36','2019-04-19 22:00:36'),(85,44,'Prof. Arturo Schmeler','Deleniti quaerat velit aut accusantium labore. Ut ex et est nulla recusandae doloremque quisquam. Quia ut velit provident sunt numquam.',0,'2019-04-19 22:00:36','2019-04-19 22:00:36'),(86,13,'Ethelyn Schaefer','In cum officia explicabo dolorum. Quam impedit sint distinctio nesciunt maiores. Iste impedit quas aut sed perferendis. Quam omnis officiis qui et voluptas. Distinctio est non culpa delectus odio eum cumque.',1,'2019-04-19 22:00:36','2019-04-19 22:00:36'),(87,37,'Paul Little MD','Tempore tempora voluptatum eligendi. Incidunt id quidem quisquam aliquam. Neque veritatis iusto tempore aliquam voluptas odit aliquam provident. Blanditiis delectus qui aut enim vel et.',2,'2019-04-19 22:00:36','2019-04-19 22:00:36'),(88,49,'Aaliyah Farrell','Sit ab sit ipsa dolores ipsum fugiat dignissimos quia. Quis quis dolorem neque amet consequatur facere numquam. Ad odio voluptatum tenetur provident. Est quae asperiores aliquam voluptas voluptate voluptatem maxime.',5,'2019-04-19 22:00:36','2019-04-19 22:00:36'),(89,13,'Foster Fritsch','Ea et est in. Perspiciatis deserunt autem atque dignissimos tempora. Itaque fugit iure atque minima tempora qui.',2,'2019-04-19 22:00:36','2019-04-19 22:00:36'),(90,6,'Prof. Abdul Cassin','Ea quia quis provident vitae excepturi nihil et beatae. Ut fugit beatae deleniti veniam ratione non reprehenderit adipisci. Alias repellendus et nihil et et. Quibusdam nobis alias molestiae.',0,'2019-04-19 22:00:36','2019-04-19 22:00:36'),(91,23,'Luna Conroy','Voluptatem est eligendi natus consequuntur neque. Perspiciatis ea dolorem omnis eligendi quis molestiae. Laborum voluptatem sit provident laboriosam laborum. Minus dignissimos est tempore sed.',0,'2019-04-19 22:00:36','2019-04-19 22:00:36'),(92,8,'Isobel Marquardt DDS','Dolorem rerum et autem provident quia. Soluta dolorem labore ex quo eum eos. Rerum sequi rem non magni voluptas nemo numquam. Cum quia autem et accusamus iure nam possimus.',0,'2019-04-19 22:00:36','2019-04-19 22:00:36'),(93,36,'Florida Bartoletti','Eos aliquid aut vel impedit aspernatur. In fuga et eveniet. Perspiciatis expedita quaerat doloribus natus hic quas.',5,'2019-04-19 22:00:36','2019-04-19 22:00:36'),(94,7,'Prof. Johnson Brown DVM','Veritatis sunt expedita non quam autem. Voluptate excepturi debitis voluptate. Debitis laboriosam suscipit modi atque perspiciatis repellat. Sit quo adipisci illo.',3,'2019-04-19 22:00:36','2019-04-19 22:00:36'),(95,40,'Angie Gerlach','Omnis est consequatur accusamus tempora omnis eaque. Tempore fugiat quaerat deserunt aut vel. Quod similique autem autem et rerum dolore reprehenderit ipsum.',1,'2019-04-19 22:00:36','2019-04-19 22:00:36'),(96,6,'Prof. Judson Walsh','Facere eveniet dolorum ducimus dolor. Autem quod numquam nemo. Voluptatem vel rerum blanditiis in dolorum soluta. Aperiam unde qui dolores consequatur et laudantium voluptatem.',2,'2019-04-19 22:00:36','2019-04-19 22:00:36'),(97,7,'Ms. Lera Thompson','Labore unde fugit reiciendis ipsa est non. Cumque animi corporis corrupti. Sequi harum alias nihil neque nulla reprehenderit veritatis totam.',5,'2019-04-19 22:00:36','2019-04-19 22:00:36'),(98,35,'Nickolas Erdman','Officia nemo laborum et in. Voluptatem ducimus rerum aut et adipisci voluptate illum. Quisquam consectetur similique accusantium doloribus minima. Et reprehenderit quos autem nulla.',4,'2019-04-19 22:00:36','2019-04-19 22:00:36'),(99,1,'Sallie Nitzsche','Cupiditate tenetur voluptates quasi molestiae odio quia. Quia quia rerum natus vel unde dolor dolores aperiam. Temporibus sunt nihil itaque. Qui reiciendis vel nemo. Possimus nemo porro qui laudantium.',3,'2019-04-19 22:00:36','2019-04-19 22:00:36'),(100,28,'Madisyn Moore','Voluptates quod sed velit est et perferendis omnis cupiditate. Qui modi autem maxime ut.',0,'2019-04-19 22:00:36','2019-04-19 22:00:36'),(101,29,'Jamel Bradtke MD','Tempora consequatur voluptates illum. Quia nobis consequatur rerum sit. In quisquam voluptate quae. Consequatur maiores autem amet dolorem cupiditate nulla. Voluptatem odio quo consectetur architecto beatae.',4,'2019-04-19 22:00:37','2019-04-19 22:00:37'),(102,42,'Flavio Adams','Nobis autem et qui voluptates cupiditate. Sint ut quam eveniet aspernatur eveniet. Nam tempora quo dolor rerum laboriosam veritatis fuga aliquam. Sint corporis nobis reprehenderit voluptatem et.',2,'2019-04-19 22:00:37','2019-04-19 22:00:37'),(103,11,'Jedidiah Luettgen','Reprehenderit eos non distinctio repellat molestiae eos omnis quo. Qui architecto animi iusto libero quisquam delectus asperiores.',5,'2019-04-19 22:00:37','2019-04-19 22:00:37'),(104,7,'Aaron Padberg','Dolores officiis aut neque praesentium cum. Ea dignissimos eveniet exercitationem provident dolorem voluptas officiis. Eos similique voluptas aliquid sequi. Doloremque dolor consequatur qui.',1,'2019-04-19 22:00:37','2019-04-19 22:00:37'),(105,49,'Jackeline Orn','Quae eligendi corporis accusamus et hic. Molestiae aliquam reiciendis esse iure sit et. Unde minima ab ducimus aut sapiente a aut. Eum ut iure nam et dolore saepe.',3,'2019-04-19 22:00:37','2019-04-19 22:00:37'),(106,13,'Dr. Andrew Schoen','Non similique aut cum veniam. Quam vero deleniti a iste non qui asperiores. Eligendi officia aut reiciendis vero dolores autem et corrupti. Aliquam quaerat aut id quaerat.',2,'2019-04-19 22:00:37','2019-04-19 22:00:37'),(107,47,'Prof. Jovani Cruickshank IV','Maiores perspiciatis voluptas suscipit. A corrupti quaerat labore corporis occaecati est.',5,'2019-04-19 22:00:37','2019-04-19 22:00:37'),(108,33,'Miss Aida Heaney PhD','Sed delectus et neque aut dolores minima dolore aut. Magnam omnis quas ut facere hic suscipit. Voluptas quam aut tenetur. Consequatur est recusandae omnis aut.',4,'2019-04-19 22:00:37','2019-04-19 22:00:37'),(109,39,'Georgiana Schaden','Iure perferendis dolorem vero sit saepe odio. Accusamus et ducimus ut et architecto harum ipsa. In autem officia quo ea.',3,'2019-04-19 22:00:37','2019-04-19 22:00:37'),(110,15,'Mr. Clifford Lueilwitz','Possimus aut quo aperiam voluptatibus consequatur. Qui necessitatibus odio sunt sit non.',2,'2019-04-19 22:00:37','2019-04-19 22:00:37'),(111,35,'Mr. Cecil Daugherty','Iste quia aliquid sit a. Repellat possimus quibusdam accusamus consequatur porro eveniet. Commodi molestiae quasi placeat ut.',1,'2019-04-19 22:00:37','2019-04-19 22:00:37'),(112,13,'Kelsi Greenfelder','Praesentium natus assumenda et tenetur. Et est possimus voluptas odio sit minima dolores. Quod quo ipsam quae iste temporibus et dolor omnis.',1,'2019-04-19 22:00:37','2019-04-19 22:00:37'),(113,32,'Cory Cole DDS','Itaque optio ab veritatis labore laboriosam. Ullam eveniet sit aspernatur a consectetur. Eveniet veniam quo et et.',2,'2019-04-19 22:00:37','2019-04-19 22:00:37'),(114,23,'Mrs. Mozelle Herman','Sapiente sequi molestiae deleniti sint ut. Provident incidunt sunt quia quod sunt.',2,'2019-04-19 22:00:37','2019-04-19 22:00:37'),(115,48,'Vivien Blanda','Autem eaque nam mollitia debitis quos natus. Illum ut autem est sint possimus quibusdam ut sunt. Voluptas qui doloribus voluptas illo. Nostrum vero sunt rerum reiciendis illo reiciendis ipsam.',5,'2019-04-19 22:00:37','2019-04-19 22:00:37'),(116,7,'Ms. Candace Boehm III','Rerum perferendis aliquam odit magnam. Et repellendus est error illo voluptas. Qui excepturi aut est. Molestiae dolor quam laboriosam non ut sit.',0,'2019-04-19 22:00:37','2019-04-19 22:00:37'),(117,41,'Dr. Loraine Fritsch','Expedita nobis et molestiae. Voluptatem distinctio temporibus facilis pariatur. Itaque adipisci aliquam explicabo odit rem.',2,'2019-04-19 22:00:37','2019-04-19 22:00:37'),(118,20,'Alexzander Padberg','Repellat praesentium eius explicabo sunt enim quia voluptatem. Tenetur vero expedita optio sint sunt. Sunt quod dolorem ullam. Autem tenetur aut asperiores numquam amet.',5,'2019-04-19 22:00:37','2019-04-19 22:00:37'),(119,49,'Amara Ferry','Culpa nesciunt blanditiis voluptatibus possimus. Eos voluptatem beatae amet illo. Dolore iusto harum sunt ratione sint aut dicta. Maiores iusto quos accusamus incidunt repellat cumque ipsam. Itaque et quo dolor numquam non.',2,'2019-04-19 22:00:37','2019-04-19 22:00:37'),(120,40,'Mrs. Jana Wisoky Jr.','Maiores dolorem aut voluptas ea sed autem culpa. Ullam voluptatum qui optio sed vel est pariatur. Iste molestias debitis error velit dolores sit aut. Veniam autem voluptatem quasi voluptates.',5,'2019-04-19 22:00:37','2019-04-19 22:00:37'),(121,28,'Berta Leannon','Voluptas ab excepturi et natus. Voluptates deleniti aperiam fugit voluptas et. At nesciunt a debitis neque nemo.',4,'2019-04-19 22:00:37','2019-04-19 22:00:37'),(122,23,'Audrey Rau','Accusantium dolores mollitia officiis voluptatem necessitatibus. Architecto reprehenderit autem velit et culpa necessitatibus molestias. Nostrum et enim sapiente ea.',2,'2019-04-19 22:00:37','2019-04-19 22:00:37'),(123,42,'Eliezer Predovic','Omnis voluptatem ut possimus ut in voluptas ea. Magnam asperiores magni aut eum qui. Libero necessitatibus est iure vel incidunt.',2,'2019-04-19 22:00:37','2019-04-19 22:00:37'),(124,28,'Keely Windler','Veniam rerum et cupiditate cupiditate qui. Tenetur alias aliquid possimus id porro incidunt. In aut totam alias doloremque architecto velit animi. Voluptatem dolorem totam et omnis ratione. Distinctio quas et saepe quasi.',0,'2019-04-19 22:00:37','2019-04-19 22:00:37'),(125,47,'Jeanne Renner MD','Fuga corrupti eligendi perferendis vero amet. Sit placeat alias sit consequuntur provident nam culpa. Et cupiditate rerum laborum dolor et tenetur quasi.',5,'2019-04-19 22:00:37','2019-04-19 22:00:37'),(126,6,'Pamela Brakus I','In rerum dolorem temporibus veniam. Qui aspernatur fugit delectus eligendi dolores qui. Et non aliquid quia est quos. Rem voluptatem voluptate veniam.',0,'2019-04-19 22:00:37','2019-04-19 22:00:37'),(127,13,'Brandon Boyle','Ut reprehenderit inventore libero sit tempora veritatis sed. Voluptatem velit consequatur velit dolores provident rerum consequatur. Expedita iste ut voluptas nobis est maiores.',1,'2019-04-19 22:00:37','2019-04-19 22:00:37'),(128,10,'Pedro Jacobson','Perspiciatis quo distinctio atque nisi quia quia ad. Qui unde laudantium voluptas qui. Dolorem voluptatem vel et blanditiis architecto corrupti perferendis. Omnis ullam nobis qui numquam totam et sunt sequi.',1,'2019-04-19 22:00:37','2019-04-19 22:00:37'),(129,3,'Anais Daugherty','Libero aut et quisquam unde odio odit rem sit. Ducimus minima nobis quis a soluta. Sint et a reiciendis nisi eveniet recusandae expedita id.',3,'2019-04-19 22:00:38','2019-04-19 22:00:38'),(130,25,'Clinton Reichel','Autem quidem eos inventore ut accusamus expedita. Adipisci qui dolorem dolor facere quisquam architecto est. Rerum quisquam officia in deleniti voluptas.',4,'2019-04-19 22:00:38','2019-04-19 22:00:38'),(131,19,'Joshua Fahey','Et dolor laboriosam nihil omnis placeat. Mollitia sint excepturi eum quisquam voluptas asperiores. Excepturi sunt ea ex explicabo.',1,'2019-04-19 22:00:38','2019-04-19 22:00:38'),(132,19,'Alisha Hintz','Assumenda porro harum voluptatum. Ad sunt vel suscipit dolorem distinctio velit animi sapiente. Excepturi non voluptas impedit nam et recusandae. Dolor mollitia vitae doloremque in molestias dolorem.',4,'2019-04-19 22:00:38','2019-04-19 22:00:38'),(133,41,'Dr. Litzy Leuschke','Neque aspernatur dicta ut est aliquam consequatur. Maiores aut dignissimos ad aperiam eos. Debitis omnis dolores iste vero officia.',5,'2019-04-19 22:00:38','2019-04-19 22:00:38'),(134,28,'Terrill Oberbrunner','Asperiores et eum sit est. Consequatur quia in deleniti aliquam praesentium veniam sed beatae. Omnis ipsa quaerat et dicta. Error magni nam voluptatibus rerum exercitationem.',4,'2019-04-19 22:00:38','2019-04-19 22:00:38'),(135,23,'Flo Hayes','Optio ut est eum ratione excepturi error facere. Cum unde quia dolor. Aliquid numquam sed deserunt laudantium incidunt aliquid praesentium.',1,'2019-04-19 22:00:38','2019-04-19 22:00:38'),(136,43,'Kamille Grant','Dolor debitis blanditiis reiciendis nulla soluta debitis voluptas consectetur. Quo neque omnis vel sit. Ab ipsa amet et aut id. Eius fugit velit eaque cupiditate tempora vel.',1,'2019-04-19 22:00:38','2019-04-19 22:00:38'),(137,18,'Israel Olson','Et perspiciatis ea nobis voluptate ut assumenda perferendis quo. Modi voluptatibus animi beatae eum. Quod est enim eligendi culpa qui. Dicta aut beatae aliquam praesentium tempora. Impedit pariatur temporibus perspiciatis et laboriosam id cupiditate cumque.',1,'2019-04-19 22:00:38','2019-04-19 22:00:38'),(138,27,'Margot Medhurst','Et occaecati eligendi non quas tempore. Aperiam facilis in aut accusamus asperiores ullam. Non et libero unde ducimus. Nobis ullam aliquid aut exercitationem quibusdam.',1,'2019-04-19 22:00:38','2019-04-19 22:00:38'),(139,38,'Wilhelmine Upton','Qui magnam rem et quae neque. Quia autem est iure nulla commodi. Quam suscipit in autem ducimus doloribus. Ut sed laborum voluptatibus voluptatem.',5,'2019-04-19 22:00:38','2019-04-19 22:00:38'),(140,5,'Clair McCullough','Ipsam dolorum ea hic corporis aut. Sunt tempore at nisi et necessitatibus nesciunt minus pariatur. Maiores atque eos qui tenetur aut voluptate. A quis voluptatem perferendis magni aut delectus. Voluptas tenetur voluptatem sit totam et quia accusantium.',4,'2019-04-19 22:00:38','2019-04-19 22:00:38'),(141,44,'Demetrius Johnson II','Debitis sed vel sunt aliquid cumque. Qui sapiente similique distinctio aspernatur qui sed eum. Velit voluptatem dolore harum possimus doloribus vel. Et consequatur asperiores voluptate sapiente nihil.',0,'2019-04-19 22:00:38','2019-04-19 22:00:38'),(142,1,'Dr. Salvador Keebler DVM','Excepturi nisi velit quisquam excepturi alias autem voluptas. Culpa nam recusandae exercitationem eos voluptas quibusdam.',4,'2019-04-19 22:00:38','2019-04-19 22:00:38'),(143,20,'Libby Green','Ipsam et quo perspiciatis reiciendis. Esse impedit voluptatem provident itaque repellendus aperiam unde. Vero eligendi quo quae consequuntur. Iure atque dolores pariatur dicta voluptas.',1,'2019-04-19 22:00:38','2019-04-19 22:00:38'),(144,43,'Ms. Daija Donnelly DVM','Quo molestiae et eius officiis laborum. Ipsum non voluptatibus dolorum maiores voluptatem occaecati.',1,'2019-04-19 22:00:38','2019-04-19 22:00:38'),(145,50,'Kristoffer Wisoky','Deleniti quia velit neque delectus velit. Dolor et ducimus suscipit nisi recusandae sapiente. Omnis omnis iure repudiandae ut aut commodi.',5,'2019-04-19 22:00:38','2019-04-19 22:00:38'),(146,47,'Shyanne Kassulke','Enim consequatur accusamus eos aut unde. Recusandae nisi accusamus numquam. Doloremque molestiae qui perspiciatis rem libero doloremque voluptatem.',1,'2019-04-19 22:00:38','2019-04-19 22:00:38'),(147,50,'Dr. Madonna Wisozk MD','Dolorem tempora nisi sint autem deserunt debitis. Omnis odio occaecati voluptatem laboriosam ullam. Consequatur quibusdam qui totam sunt dicta. Officia perferendis ut sint.',5,'2019-04-19 22:00:38','2019-04-19 22:00:38'),(148,14,'Everardo Skiles','Harum consectetur qui aliquid asperiores voluptatem est. Consequatur blanditiis temporibus ut sequi libero a neque alias. Exercitationem magni tenetur et aut magni architecto consequatur voluptatem. Veritatis soluta corporis ut debitis odio voluptatem autem.',5,'2019-04-19 22:00:38','2019-04-19 22:00:38'),(149,3,'Dr. Coleman Smitham','Eius sunt non officia ipsum. Deserunt illo autem et nihil blanditiis voluptates. Optio at expedita cum est ullam magni molestias. Qui eius nobis quia nam reiciendis sunt rem.',3,'2019-04-19 22:00:38','2019-04-19 22:00:38'),(150,9,'Edwin Christiansen','Error eligendi sed rem. Sunt sint sunt rem nesciunt veritatis ut.',0,'2019-04-19 22:00:38','2019-04-19 22:00:38'),(151,37,'Jettie Willms','Voluptatem veniam temporibus et sit dignissimos. Saepe ex quod aut eligendi. Iste dolor fugiat nam molestiae. Omnis dolores et aspernatur fugiat aut ducimus. Rerum sunt id sint itaque qui alias.',0,'2019-04-19 22:00:38','2019-04-19 22:00:38'),(152,36,'Berniece Trantow','Alias quas ut ipsum. Doloribus aut impedit est at officia expedita. Est nesciunt fugit incidunt quasi.',0,'2019-04-19 22:00:38','2019-04-19 22:00:38'),(153,12,'Mrs. Elisabeth Zieme','Qui aperiam deserunt est sunt laborum. Occaecati quae quasi est perspiciatis enim est qui. Cum sint libero assumenda. Quia consectetur ipsum eius quam cum qui ducimus. Sunt ad consequatur recusandae facere aliquam.',5,'2019-04-19 22:00:39','2019-04-19 22:00:39'),(154,2,'Corene Koch','Eligendi delectus beatae ut ipsum temporibus sunt. Est dolor quidem est aut a accusantium eum. Iure eos optio eum aut. Minima odio optio ducimus et assumenda enim odit.',2,'2019-04-19 22:00:39','2019-04-19 22:00:39'),(155,47,'Jacinto Blanda','Occaecati dolor magni facilis fuga eveniet cumque nesciunt. Voluptatem laborum qui magni deleniti. Qui asperiores id eos quos quia. Voluptate et sint voluptatem corporis earum voluptatem magni ea. Sunt beatae neque aut.',5,'2019-04-19 22:00:39','2019-04-19 22:00:39'),(156,19,'Guy Mohr','Delectus eos voluptatem iure aspernatur dignissimos nam voluptatibus porro. Nihil eos aut possimus ipsam recusandae soluta. Unde sint alias a magni. Est a eos tenetur incidunt. Officiis minima ipsum dolorem tempore eius ea quis.',4,'2019-04-19 22:00:39','2019-04-19 22:00:39'),(157,13,'Sierra Heathcote','Adipisci recusandae dolore tenetur dolor quod autem culpa. Vel iste officiis iure distinctio et nisi consequatur. Accusantium minus dignissimos omnis maiores. Ab incidunt quibusdam praesentium rerum ut molestiae aut.',1,'2019-04-19 22:00:39','2019-04-19 22:00:39'),(158,11,'Carmella Buckridge V','Maxime exercitationem nihil aliquid voluptatem vel. Velit sequi ad optio quam et sit suscipit. Ipsam debitis necessitatibus harum autem rem.',4,'2019-04-19 22:00:39','2019-04-19 22:00:39'),(159,44,'Adolf Raynor','Cum harum id corrupti vel quaerat ad. Error in temporibus eum. Eum dicta tempore libero porro neque cumque ratione. Aut eos et sint maiores facere vitae.',3,'2019-04-19 22:00:39','2019-04-19 22:00:39'),(160,11,'Joshuah Legros V','Ut atque error necessitatibus libero cupiditate est officia. Saepe ut et eos accusamus deleniti nesciunt sunt nihil. Enim sequi est incidunt dignissimos. Et sunt eveniet quae.',0,'2019-04-19 22:00:39','2019-04-19 22:00:39'),(161,31,'Sage Daugherty','Dolorem veritatis et ut voluptas quia. Voluptatibus soluta vero minus. Ratione ut et autem occaecati.',0,'2019-04-19 22:00:39','2019-04-19 22:00:39'),(162,38,'Casey Schneider','Culpa sit odio qui quia assumenda magni omnis. Omnis ea beatae provident. Debitis provident repellendus architecto quia aliquid. Distinctio ea odio omnis esse.',3,'2019-04-19 22:00:39','2019-04-19 22:00:39'),(163,26,'Johan West','Debitis autem est impedit consectetur voluptate. Officia autem sapiente qui eos. Molestiae non ipsum et. Eos est quia molestias rerum aut.',3,'2019-04-19 22:00:39','2019-04-19 22:00:39'),(164,4,'Verdie Bernier','Vitae nemo corrupti quasi ad molestias ea. Rem doloremque praesentium dolore quae qui rerum. Non est et recusandae placeat. Quibusdam quaerat adipisci quis culpa voluptatibus.',2,'2019-04-19 22:00:39','2019-04-19 22:00:39'),(165,35,'Flavio Schmitt PhD','Impedit inventore et tempore voluptatem. Molestiae inventore rerum dicta illo enim iste. Doloribus odit possimus excepturi qui voluptatem. Amet odio voluptas architecto natus. Et animi fugiat est consequuntur ipsam.',0,'2019-04-19 22:00:39','2019-04-19 22:00:39'),(166,49,'Fermin Sporer','Quisquam aliquam ipsam in illum id voluptatum in occaecati. Asperiores non qui reprehenderit quas sequi ea. Commodi dignissimos dolor inventore officiis laudantium quia.',0,'2019-04-19 22:00:39','2019-04-19 22:00:39'),(167,36,'Curtis Heidenreich','Autem numquam quaerat in dolores. Pariatur ea similique et iure. Esse beatae qui quis. Perferendis aspernatur animi nihil cum velit ut.',3,'2019-04-19 22:00:39','2019-04-19 22:00:39'),(168,48,'Koby Zieme DDS','Dicta cumque nulla doloribus veritatis et excepturi ut. Nihil nihil odit deserunt eligendi. Velit eos qui doloremque voluptatem pariatur atque. Sit mollitia quas rerum rem dolorum suscipit iure.',4,'2019-04-19 22:00:39','2019-04-19 22:00:39'),(169,1,'Krystina Mayer DDS','Provident id et omnis beatae ut necessitatibus. Dolore non tempora et minus aut non. Sit vel aut porro velit libero qui neque non. Quasi dolorum laudantium quas sint maxime sit. Et voluptatum voluptatibus aut voluptas rerum.',1,'2019-04-19 22:00:39','2019-04-19 22:00:39'),(170,2,'Mrs. Isabella Kuvalis','Voluptatem eaque qui maxime officiis est aut optio. Cupiditate corporis explicabo suscipit laborum quos aut.',1,'2019-04-19 22:00:39','2019-04-19 22:00:39'),(171,25,'Norbert Kuphal Jr.','Accusantium asperiores quos voluptate omnis nam quo. Ad laudantium voluptates quod inventore repudiandae. Saepe provident neque dicta distinctio sed dignissimos et.',0,'2019-04-19 22:00:39','2019-04-19 22:00:39'),(172,39,'Stella Kohler Jr.','Repellendus et fugiat corrupti. Fuga voluptatibus consequatur debitis maxime quia incidunt inventore. Corporis et sit laudantium. Id molestiae atque numquam.',5,'2019-04-19 22:00:39','2019-04-19 22:00:39'),(173,18,'Helene Luettgen','Laboriosam eveniet dolorum magni rerum non. Est atque ipsa temporibus. Soluta quis consequuntur rem veniam. Accusantium vitae eaque aspernatur numquam autem dolorem.',4,'2019-04-19 22:00:39','2019-04-19 22:00:39'),(174,27,'Art Ondricka','Saepe sit distinctio nobis quis voluptas laborum. Rerum perspiciatis nihil debitis quia laborum cupiditate laudantium provident. Amet et qui similique eaque. Sit quia est deserunt placeat quos incidunt laboriosam.',0,'2019-04-19 22:00:39','2019-04-19 22:00:39'),(175,15,'Devyn Fritsch III','Aut ullam maiores dicta a dolor deleniti voluptatem. Sunt modi eum voluptatem officiis nostrum blanditiis. Omnis rerum blanditiis cum in.',4,'2019-04-19 22:00:39','2019-04-19 22:00:39'),(176,35,'Melyssa Durgan','Maxime perferendis quisquam asperiores itaque ut eveniet. Tempora qui beatae enim magni est enim distinctio. Quibusdam non totam inventore ratione. Qui laboriosam dolor repudiandae est.',3,'2019-04-19 22:00:39','2019-04-19 22:00:39'),(177,1,'Jewel Borer','Delectus sequi molestias veniam rerum vel aut velit. Magni veritatis est rerum aperiam.',2,'2019-04-19 22:00:39','2019-04-19 22:00:39'),(178,10,'Bonita Feeney','Maxime quia doloribus architecto sit culpa cupiditate soluta temporibus. Eos culpa molestiae dignissimos aut modi cumque hic. Error consequatur sapiente repellat laborum hic sed. Quibusdam sed facere similique dolorem.',1,'2019-04-19 22:00:39','2019-04-19 22:00:39'),(179,6,'Maurice Gulgowski DVM','Temporibus aliquid consequatur dolorem illo aspernatur ut. Enim reiciendis placeat nemo consequatur. Ut consequatur consequatur corporis ut sed et. Asperiores eligendi assumenda officiis id sunt iure.',5,'2019-04-19 22:00:39','2019-04-19 22:00:39'),(180,47,'Tabitha Gerlach Jr.','Voluptatem est debitis in veritatis similique. Qui similique nihil facilis ullam qui necessitatibus nobis. Qui possimus praesentium nesciunt ut. Quisquam fuga earum similique consequatur.',3,'2019-04-19 22:00:40','2019-04-19 22:00:40'),(181,10,'Joanne Rau','Cum voluptas non ut excepturi qui. Consequatur at amet a mollitia maxime. Repellendus voluptatem voluptas dignissimos consequatur voluptatem cum. Quas sit exercitationem totam dolor quibusdam sed sint. Et iste inventore ducimus repellat nihil voluptatem.',2,'2019-04-19 22:00:40','2019-04-19 22:00:40'),(182,44,'Miss Callie Klein III','Est magni enim saepe excepturi rem libero explicabo. Accusantium rem consequatur sed consequuntur eos illo et. Sit quia dolore tenetur similique rerum est. Numquam ab et ipsam exercitationem.',3,'2019-04-19 22:00:40','2019-04-19 22:00:40'),(183,31,'Bailey Herman','Eaque labore dolorem corrupti sit fuga. Dolor tempora facere asperiores. Omnis magni modi cum aut. Libero aut iste sed et ex.',2,'2019-04-19 22:00:40','2019-04-19 22:00:40'),(184,15,'Jeremie Murray','Voluptas est explicabo dignissimos dolor. Voluptatem et corrupti quo enim. Qui quia repellat voluptates quos eveniet est. Ex voluptatem quia sit ut aspernatur accusamus repellendus.',3,'2019-04-19 22:00:40','2019-04-19 22:00:40'),(185,38,'Manuel Kovacek','Qui minus dolores illum. Rerum molestiae id aut. Fuga sunt veniam at quaerat minima itaque. Sunt voluptas similique molestiae tempore.',0,'2019-04-19 22:00:40','2019-04-19 22:00:40'),(186,24,'Raleigh Rath','Molestias eaque a doloremque fugiat magni. Sunt quia et labore rerum omnis. Quia accusamus cum itaque fugit sed laborum est minus. Inventore sed officiis quas aut eveniet odio quia id.',3,'2019-04-19 22:00:40','2019-04-19 22:00:40'),(187,3,'Royce Ebert','Numquam et nesciunt beatae autem esse nemo dolorem. Dolor qui corrupti aliquid ipsa. Cumque amet velit ipsam iure aut voluptas. Non debitis tempora rerum architecto perferendis.',2,'2019-04-19 22:00:40','2019-04-19 22:00:40'),(188,37,'Emilie Kunze','Sint autem porro enim et omnis. Neque et voluptatem unde aliquid. Iure dolores adipisci sit alias labore nihil. Placeat repellat suscipit velit.',3,'2019-04-19 22:00:40','2019-04-19 22:00:40'),(189,3,'Isom O\'Keefe MD','Facilis veritatis sed esse aspernatur repudiandae et. Qui laborum provident doloremque culpa consequatur. Expedita harum autem accusamus qui.',3,'2019-04-19 22:00:40','2019-04-19 22:00:40'),(190,20,'Jorge Nitzsche','Autem molestiae ipsa sed fugiat excepturi fugit. In et illo rem repudiandae optio.',1,'2019-04-19 22:00:40','2019-04-19 22:00:40'),(191,7,'Johnnie Altenwerth','Autem et autem nisi quaerat magnam est. In voluptate ea facere ut dignissimos blanditiis aut nam. Molestias repudiandae et pariatur iusto eligendi molestiae.',2,'2019-04-19 22:00:40','2019-04-19 22:00:40'),(192,3,'Prof. Chaim Littel III','Quis ad non perspiciatis possimus. Asperiores et magni porro illo molestiae. Quis molestiae quos sunt consectetur.',4,'2019-04-19 22:00:40','2019-04-19 22:00:40'),(193,24,'Kaley Beatty','Esse dolor itaque tempore in. Sed nam odit accusantium commodi facilis non. Alias voluptas ipsum sint quis.',5,'2019-04-19 22:00:40','2019-04-19 22:00:40'),(194,50,'Gustave Fisher','Ut optio quisquam quas porro debitis dignissimos ullam. Iure corrupti fuga aut voluptatem ipsum architecto dolor. Velit velit et reiciendis non maxime. Voluptatem vel iure non qui.',1,'2019-04-19 22:00:40','2019-04-19 22:00:40'),(195,15,'Laurine Spencer','Eveniet voluptate at id minima facilis ut. Sequi tempore reiciendis rerum voluptate. Ipsam voluptates fugiat ipsum qui tenetur et et.',4,'2019-04-19 22:00:40','2019-04-19 22:00:40'),(196,11,'Nya Leuschke','Provident fugiat maiores expedita tempora facilis et rem. Quis similique esse delectus repudiandae. Aut suscipit perspiciatis voluptatem nobis error suscipit.',4,'2019-04-19 22:00:40','2019-04-19 22:00:40'),(197,41,'Abbey Bernhard','Illum omnis et repellendus nemo aut et. Fuga occaecati dolor quia ut beatae. Ut recusandae fugiat quaerat possimus odio.',5,'2019-04-19 22:00:40','2019-04-19 22:00:40'),(198,21,'Brigitte Hermann','Qui officiis fugit neque minus aut maiores. Necessitatibus et non ipsum suscipit ducimus sed eum. Eos officia ut perferendis adipisci. Qui fugit at porro tempora aperiam voluptate.',4,'2019-04-19 22:00:40','2019-04-19 22:00:40'),(199,19,'Berneice Walker','Consequatur sunt aut consequatur blanditiis consequatur quia pariatur. Ratione sunt est aliquam aut vitae ut nostrum sit. Voluptas sit impedit iure possimus non.',0,'2019-04-19 22:00:40','2019-04-19 22:00:40'),(200,2,'Prof. Cecelia Smith','Mollitia voluptatum repudiandae iusto. Veritatis commodi distinctio dolores voluptatem consequuntur molestiae molestiae. Placeat minus eum dolorem nesciunt non sint ducimus.',3,'2019-04-19 22:00:40','2019-04-19 22:00:40'),(201,43,'Salma Runolfsson','Similique fugiat totam laudantium quo quidem cumque modi. Iste cumque tenetur vero et quaerat accusamus. Ut aut cumque eos dolorum accusantium.',2,'2019-04-19 22:00:40','2019-04-19 22:00:40'),(202,28,'Patsy Weimann','Voluptatem delectus quibusdam asperiores molestiae dolore accusamus quo. Libero suscipit temporibus neque consequuntur qui. Magni dolores deserunt doloremque suscipit. Quod et neque voluptas quos.',5,'2019-04-19 22:00:40','2019-04-19 22:00:40'),(203,4,'Arlie Heathcote','Non corporis ipsum reiciendis deleniti sed veniam quidem. Quia incidunt enim eaque aut porro et et. Voluptas in rerum eum.',2,'2019-04-19 22:00:40','2019-04-19 22:00:40'),(204,29,'Maynard Metz DVM','Voluptas velit dolores ut itaque veritatis. Sit quo odit aut facere. Et ullam ipsa excepturi voluptas et ut.',3,'2019-04-19 22:00:40','2019-04-19 22:00:40'),(205,4,'Robin Prohaska','Libero sunt minus exercitationem quisquam omnis dolorem minus quia. Dolore natus et libero ut.',2,'2019-04-19 22:00:41','2019-04-19 22:00:41'),(206,35,'Shakira Koch','Magni aperiam iure sed aut. Non necessitatibus consequatur qui qui excepturi. Inventore aperiam distinctio incidunt ea quae.',3,'2019-04-19 22:00:41','2019-04-19 22:00:41'),(207,1,'Prof. Soledad Hodkiewicz','Accusantium est vitae dolore nesciunt. Illo sint nemo facere sint. Et quasi reiciendis est cumque ea.',2,'2019-04-19 22:00:41','2019-04-19 22:00:41'),(208,5,'Mr. Ambrose Kuhlman','Eligendi et id tempora est dolore accusantium qui. Sapiente sunt ut et natus blanditiis. Amet fugiat et laboriosam consectetur ex aperiam aperiam.',0,'2019-04-19 22:00:41','2019-04-19 22:00:41'),(209,21,'Tyson Ernser','Asperiores odit et ut autem itaque et in. Aut qui in distinctio nobis doloremque. Minima quis dolorem consectetur dolorum.',3,'2019-04-19 22:00:41','2019-04-19 22:00:41'),(210,32,'Prof. Courtney Feeney I','Numquam eaque facere a est eos. Velit molestiae dignissimos nesciunt aperiam laudantium unde fuga. Quod reiciendis sequi est tenetur quo accusamus. Dolor provident et voluptas odio.',0,'2019-04-19 22:00:41','2019-04-19 22:00:41'),(211,1,'Andreane White II','Aut eligendi eaque quis recusandae assumenda. Est culpa error nihil consequuntur. Aut quaerat ducimus in nemo.',4,'2019-04-19 22:00:41','2019-04-19 22:00:41'),(212,23,'Deshawn Lowe','Rerum occaecati aut non rerum quia modi assumenda. Id quo occaecati commodi assumenda saepe molestiae. Temporibus excepturi laudantium enim est assumenda est. Quod quia expedita dolores consectetur. In cumque vel fugit.',2,'2019-04-19 22:00:41','2019-04-19 22:00:41'),(213,9,'Mrs. Jayne Blanda I','Incidunt possimus molestiae iure alias velit recusandae cupiditate. Laudantium dolor iure dolores ut minus porro consectetur. Non quibusdam minima animi totam. Unde dicta similique quidem ut.',1,'2019-04-19 22:00:41','2019-04-19 22:00:41'),(214,26,'Scot Marquardt','Laboriosam neque quos qui saepe. Esse provident quisquam corporis non et. Nihil qui aliquam asperiores nostrum consequuntur perferendis omnis. Est ipsum expedita nihil corrupti. Error illo et et vitae voluptatem.',3,'2019-04-19 22:00:41','2019-04-19 22:00:41'),(215,43,'Derek O\'Hara III','Dolores et dolore earum perferendis est omnis aspernatur. Ut id natus omnis quam enim sed. Adipisci ab voluptatem magnam est dolores. Cupiditate dolorem est repellat cupiditate ratione nobis.',3,'2019-04-19 22:00:41','2019-04-19 22:00:41'),(216,24,'Clyde Stiedemann','Expedita libero ab vel sapiente rerum aut. Dolor id consectetur nihil ut. Voluptatem rerum nam quo alias qui veniam alias.',2,'2019-04-19 22:00:41','2019-04-19 22:00:41'),(217,37,'Blanca Morar','Necessitatibus nam quibusdam veritatis aut. Magnam dolorem eaque libero ut.',5,'2019-04-19 22:00:41','2019-04-19 22:00:41'),(218,49,'Aiden Wyman','Dolorem aperiam rerum neque atque. Aspernatur non ea aut nisi. Voluptatibus fugit iste modi autem dolor. Magnam natus ratione quos voluptatem. Qui rerum aut praesentium aut.',3,'2019-04-19 22:00:41','2019-04-19 22:00:41'),(219,28,'Shana Brakus','Impedit maiores quia tempora aut. Distinctio ad omnis ducimus molestiae voluptas aliquid esse.',4,'2019-04-19 22:00:42','2019-04-19 22:00:42'),(220,39,'Amari Langworth','Voluptatibus blanditiis amet alias ut et aut laboriosam. Deserunt veritatis alias odio doloribus ut. Rem quibusdam quae dolor hic porro est quas. Nisi numquam alias nam quae.',5,'2019-04-19 22:00:42','2019-04-19 22:00:42'),(221,25,'Mrs. Kiana Monahan','Repellendus voluptas dolor eum dignissimos voluptas neque voluptatem. Accusamus aut et ut non quos eum.',4,'2019-04-19 22:00:42','2019-04-19 22:00:42'),(222,8,'Eliane Tremblay','Perspiciatis adipisci necessitatibus voluptatem cupiditate laboriosam. Eos et ut impedit doloremque qui neque itaque. Veritatis consequatur debitis deleniti illum voluptatibus. Quod occaecati tempora fuga velit voluptatem autem ut modi.',2,'2019-04-19 22:00:42','2019-04-19 22:00:42'),(223,39,'Breanna Rutherford','Reprehenderit quia deserunt necessitatibus nihil. Esse occaecati libero animi. Ut quis minus minus dignissimos. Sit et minus id rem animi.',1,'2019-04-19 22:00:42','2019-04-19 22:00:42'),(224,37,'Meggie Reichel','Earum nisi quod temporibus et placeat quas alias. Sed fugiat quas vel iure omnis provident ex. Ducimus alias in velit et molestias sed facere. Labore rem est labore similique consequuntur ut inventore.',2,'2019-04-19 22:00:42','2019-04-19 22:00:42'),(225,26,'Wyatt Jacobi Sr.','Facere magni consectetur doloremque doloremque. Sit commodi sit repellendus occaecati aut expedita.',5,'2019-04-19 22:00:42','2019-04-19 22:00:42'),(226,39,'Prof. Asa Towne DVM','Animi harum quis adipisci qui incidunt accusamus praesentium. Vitae sed repellat ut qui quam. Aut eum est a.',5,'2019-04-19 22:00:42','2019-04-19 22:00:42'),(227,3,'Elyssa Lubowitz','Et facere et optio soluta aut. Excepturi culpa totam asperiores deleniti consequatur ut.',1,'2019-04-19 22:00:42','2019-04-19 22:00:42'),(228,20,'Alvena Schmitt','Autem laudantium quo placeat eum praesentium natus saepe. Voluptas qui deserunt ut asperiores est adipisci asperiores. Voluptates quis tenetur voluptatem vel expedita consequuntur laudantium illum. Qui quas iure et molestiae perspiciatis eum rerum. Aut cum fugiat tenetur natus non voluptate nihil.',3,'2019-04-19 22:00:42','2019-04-19 22:00:42'),(229,33,'Miss Maci Wyman DDS','Facere tempore architecto non deserunt. Ut dignissimos quia maxime facere quisquam doloribus nostrum id. Qui sequi saepe enim. Nesciunt sit quod id accusantium doloribus.',5,'2019-04-19 22:00:42','2019-04-19 22:00:42'),(230,10,'Shea Bailey DVM','Voluptates beatae ab aut aperiam architecto adipisci. Eveniet doloribus odio quae. Quia quos temporibus ad quidem nesciunt.',0,'2019-04-19 22:00:42','2019-04-19 22:00:42'),(231,42,'Viola Rath','Aliquam aliquid inventore libero sit perspiciatis. Cupiditate ut id mollitia in explicabo. Magni perferendis in ut quia facilis nobis. Eos officia alias soluta quia.',5,'2019-04-19 22:00:42','2019-04-19 22:00:42'),(232,40,'Paul Ledner','Reprehenderit facilis officia eaque eveniet consectetur. Eos molestias possimus deserunt magni omnis.',0,'2019-04-19 22:00:42','2019-04-19 22:00:42'),(233,1,'Werner Rodriguez','Quis facilis consequatur et odio atque. Ut numquam quis nulla unde soluta ad dolorem. Exercitationem atque atque sunt iusto. Necessitatibus iste laudantium maxime maxime provident odio.',2,'2019-04-19 22:00:42','2019-04-19 22:00:42'),(234,8,'Roger Runte','Fuga similique sit fugiat quidem quasi. Commodi iure enim quo nihil omnis minima consequatur. Aut impedit iure cumque animi nesciunt. Vitae beatae nihil voluptatem iusto aut beatae dolores.',1,'2019-04-19 22:00:42','2019-04-19 22:00:42'),(235,44,'Bart Hirthe','Minima quo sit quo non. Qui incidunt enim doloribus. Blanditiis consequatur autem nam vel alias perferendis labore. Deserunt sunt sapiente sed quia atque et placeat. Aliquam iure qui et soluta sit.',0,'2019-04-19 22:00:42','2019-04-19 22:00:42'),(236,47,'Miss Athena Hamill DDS','Asperiores earum at eveniet ut est. Voluptas aliquam natus asperiores ut consequatur. Perspiciatis est ea quibusdam. Explicabo accusantium quas minima odit.',2,'2019-04-19 22:00:42','2019-04-19 22:00:42'),(237,6,'Dedric Simonis','Deserunt dolor dignissimos illum omnis nihil enim. Iusto ratione libero culpa ipsum. Non earum suscipit et est blanditiis aut molestiae.',5,'2019-04-19 22:00:42','2019-04-19 22:00:42'),(238,22,'Prof. Roscoe Herman','Mollitia perspiciatis qui consequuntur quos aut molestiae. Ut quam qui facere cum. Inventore et eum consequuntur quia sint sed exercitationem.',1,'2019-04-19 22:00:42','2019-04-19 22:00:42'),(239,10,'Jayde Boyle','Quis at dolore quia aut tempore dolor dolorum. Voluptas dolores ipsum cum. Officia nobis rerum magni vel quisquam et labore.',3,'2019-04-19 22:00:42','2019-04-19 22:00:42'),(240,29,'Justice Gorczany','Qui sit et amet dicta. Et aspernatur nostrum maxime inventore eos maiores. Fugit accusantium maiores et et.',2,'2019-04-19 22:00:42','2019-04-19 22:00:42'),(241,27,'Ms. Myrtie Mitchell DVM','Voluptatem debitis reprehenderit omnis sapiente asperiores hic. Esse voluptatibus illum repudiandae ad. Officiis quam doloribus ut. Dolorem aut facilis sit dolorem voluptate impedit nostrum.',1,'2019-04-19 22:00:42','2019-04-19 22:00:42'),(242,36,'Prof. Kaelyn Conn Jr.','Eos praesentium vero molestias accusantium dolorem alias hic. Quo dolores at voluptas nobis veniam ut voluptates quibusdam. Id cupiditate delectus nostrum aspernatur quo ad sit molestiae. Quis minima id dolores eum.',5,'2019-04-19 22:00:42','2019-04-19 22:00:42'),(243,3,'Leonie Turner','Placeat voluptates consequatur explicabo ut error et vel deserunt. Corrupti ut reprehenderit et autem quia et cum dolore. Molestias nisi est explicabo error similique itaque praesentium. Quaerat rerum praesentium impedit est ea inventore. Sed ut est et eos expedita.',0,'2019-04-19 22:00:42','2019-04-19 22:00:42'),(244,24,'Willard Waelchi Jr.','Cupiditate eos quaerat sit. Et saepe nobis beatae expedita ut.',5,'2019-04-19 22:00:42','2019-04-19 22:00:42'),(245,9,'Orion Walker I','Est minus beatae excepturi ullam sed in eligendi. Sed quibusdam soluta facere quo nemo. Exercitationem et et illum.',3,'2019-04-19 22:00:42','2019-04-19 22:00:42'),(246,17,'Frances Zulauf','Quam quo qui et eius vitae voluptate vel. Rerum dolores tempora accusamus est et quo. Modi veritatis atque aperiam cupiditate et ut corporis.',4,'2019-04-19 22:00:42','2019-04-19 22:00:42'),(247,13,'Mrs. Nora Kshlerin','Sed distinctio consequatur aliquid voluptas. Quam ea aut tenetur nihil repellat. Illo debitis quibusdam perspiciatis vel quod libero. Ut pariatur vero maxime odit.',4,'2019-04-19 22:00:43','2019-04-19 22:00:43'),(248,10,'Daphne Zulauf','Quia perspiciatis voluptatem quo minima incidunt veniam. Delectus temporibus neque aut perferendis iusto et voluptas. Fuga numquam minima sequi minus inventore.',1,'2019-04-19 22:00:43','2019-04-19 22:00:43'),(249,34,'Kurt Wyman','Sint dolorem voluptatem incidunt qui praesentium fuga quibusdam. Eveniet minima veniam saepe reprehenderit perspiciatis. Rerum est sapiente necessitatibus quas et numquam enim.',3,'2019-04-19 22:00:43','2019-04-19 22:00:43'),(250,9,'Vance Roberts V','Dignissimos est placeat dolorem architecto commodi animi. Minus qui voluptatibus soluta facilis dignissimos soluta. Provident aliquid cum fugit molestiae.',2,'2019-04-19 22:00:43','2019-04-19 22:00:43'),(251,37,'Caleb Nitzsche PhD','Ducimus laudantium doloremque est sunt. Sed beatae est voluptatem commodi quas consectetur.',5,'2019-04-19 22:00:43','2019-04-19 22:00:43'),(252,48,'Kennedi Russel','Enim quae est dolor autem iure nesciunt. Temporibus sed mollitia assumenda fugiat id totam sapiente est. Voluptatem et voluptatibus quia harum aut. Dignissimos doloremque dolore vero hic maiores debitis. Aut voluptatem blanditiis autem quia magni veritatis maxime reprehenderit.',2,'2019-04-19 22:00:43','2019-04-19 22:00:43'),(253,40,'Naomie Marquardt V','Quisquam magni quam optio non et aut vero. Placeat voluptatem eum quas rem maxime ut. Est explicabo et repudiandae iusto. Ut iure at voluptas facilis.',0,'2019-04-19 22:00:43','2019-04-19 22:00:43'),(254,20,'Bell Wolf Jr.','Neque eligendi ipsa est officia. Sed quis illo vel. Quia repudiandae qui aliquid commodi et sit.',2,'2019-04-19 22:00:43','2019-04-19 22:00:43'),(255,6,'Shany Rutherford','Porro inventore molestiae id reprehenderit dolore. Quibusdam adipisci ipsam quia voluptatem voluptates aliquam necessitatibus. Unde asperiores inventore aspernatur dolores quis dicta.',0,'2019-04-19 22:00:43','2019-04-19 22:00:43'),(256,48,'Electa Bashirian','Rerum sunt quibusdam eveniet dolores officia. Magni corporis iste possimus. Ipsa recusandae sapiente sit sint qui quasi. Ut enim voluptas veniam placeat molestias. Est eos aliquam voluptatum cum fugit est rerum.',5,'2019-04-19 22:00:43','2019-04-19 22:00:43'),(257,28,'Carrie Pagac','Corporis nemo recusandae id voluptatibus aspernatur sed. Eveniet perferendis et quis commodi. Doloribus maxime iusto similique corrupti temporibus non et. Corporis repellendus doloribus sint soluta dignissimos totam omnis.',3,'2019-04-19 22:00:43','2019-04-19 22:00:43'),(258,5,'Miss Velva Rosenbaum','Voluptas ab ut incidunt tenetur exercitationem alias perferendis. Debitis in doloremque aperiam saepe. Omnis libero enim dolor velit animi aperiam error.',0,'2019-04-19 22:00:43','2019-04-19 22:00:43'),(259,23,'Rogelio Hagenes','Quasi quisquam aut quasi architecto dignissimos odio eaque. Quo fuga nam commodi aliquam sunt excepturi tenetur. Et sint est labore eligendi enim.',2,'2019-04-19 22:00:43','2019-04-19 22:00:43'),(260,25,'Demetrius Bernhard','Voluptatem accusantium quae est voluptatem unde architecto dolores. Cum quae voluptatem est quidem dicta dolores. Enim laborum dolor nulla iure expedita. Itaque a dicta nam numquam.',0,'2019-04-19 22:00:43','2019-04-19 22:00:43'),(261,49,'Nicole Adams','Sed vel sapiente totam in. Ut quidem dolorum nobis ea. Praesentium qui consequatur consectetur facilis sit.',1,'2019-04-19 22:00:43','2019-04-19 22:00:43'),(262,4,'Brenna Rosenbaum','Sit non ab optio aut. Quae hic maiores maiores nobis. Incidunt animi inventore iusto debitis.',2,'2019-04-19 22:00:43','2019-04-19 22:00:43'),(263,9,'Morton Franecki','Hic nostrum suscipit aut. Ut delectus optio facere. Eos minus consequatur voluptatem aut numquam.',3,'2019-04-19 22:00:43','2019-04-19 22:00:43'),(264,44,'Curtis Bauch','Nobis quia iste quasi odio recusandae et amet. Eveniet minus assumenda sit.',2,'2019-04-19 22:00:44','2019-04-19 22:00:44'),(265,3,'Dr. Lane Carroll Jr.','Et praesentium fuga qui dolorem. Ut non eaque eum cum iste fugiat distinctio. Deserunt tenetur voluptatem rerum necessitatibus error blanditiis.',1,'2019-04-19 22:00:44','2019-04-19 22:00:44'),(266,16,'Flossie Blanda Jr.','Eaque corporis quae saepe nobis voluptatem rem consectetur velit. Quo vel autem asperiores. Accusamus iure repellat nam est unde.',3,'2019-04-19 22:00:44','2019-04-19 22:00:44'),(267,37,'Melisa Klein','Voluptatem laboriosam aperiam enim corrupti numquam. Corrupti accusantium tenetur aut. Asperiores dolore minima iste possimus.',2,'2019-04-19 22:00:44','2019-04-19 22:00:44'),(268,42,'Maureen Russel V','Sit non cumque impedit rem quod cupiditate. Sunt expedita repudiandae et iusto. Modi dignissimos deserunt blanditiis qui. Dolorum qui minima soluta reprehenderit fugit velit eaque.',0,'2019-04-19 22:00:44','2019-04-19 22:00:44'),(269,27,'Noemy Kiehn PhD','Enim quaerat odit deleniti maiores occaecati. Aut dolor accusamus accusantium tempora debitis. Impedit praesentium numquam quas aut illum. Maiores accusantium in deserunt facilis et.',0,'2019-04-19 22:00:44','2019-04-19 22:00:44'),(270,41,'Milford Cole','Maiores animi dolores provident nihil. Aut harum non doloribus sapiente non. Eius doloremque voluptas nulla ea. Eum eveniet voluptatem enim. Quis accusantium dolores magni sit.',0,'2019-04-19 22:00:44','2019-04-19 22:00:44'),(271,37,'Prof. Verla Little I','Sed et sunt vel ipsum dolorem. Et quisquam inventore et iure aspernatur voluptas sit et. Omnis enim illum omnis quisquam nobis hic sunt. Enim facere libero molestiae ut officiis.',4,'2019-04-19 22:00:44','2019-04-19 22:00:44'),(272,25,'Maximilian Gutmann','Eos aliquid quae ducimus aut maxime. Consequatur ut saepe reprehenderit consequatur. Explicabo qui enim optio aut. Deleniti quo rem laudantium.',1,'2019-04-19 22:00:44','2019-04-19 22:00:44'),(273,8,'Lura Franecki','Autem excepturi eos quisquam inventore voluptas eaque quas. Enim possimus dolorem fugiat consequuntur similique ratione maxime. Dolor quo eligendi sed. Reprehenderit sit optio est saepe placeat esse.',2,'2019-04-19 22:00:44','2019-04-19 22:00:44'),(274,20,'Marguerite Balistreri II','At enim deserunt dolorem ipsam distinctio. Qui cumque quia voluptates aspernatur dolorem. Accusantium perspiciatis tempore quidem eveniet expedita facilis. Dolore molestiae provident fugit aut.',5,'2019-04-19 22:00:44','2019-04-19 22:00:44'),(275,13,'Mariah Schultz','Sunt et expedita expedita consequuntur. Inventore accusamus rerum expedita in nihil. Placeat qui sapiente architecto eligendi quibusdam et cupiditate eum. Nesciunt itaque dignissimos eligendi facilis iste.',0,'2019-04-19 22:00:44','2019-04-19 22:00:44'),(276,48,'Prof. Brayan Grady','Id ea autem omnis inventore libero in corporis. In sunt natus dolor aliquam at illum. Libero accusamus neque vero dolorum error consequatur consequatur. Quod eos aut doloribus animi.',5,'2019-04-19 22:00:44','2019-04-19 22:00:44'),(277,28,'Fanny Kulas','Et aperiam eveniet voluptatibus sint sed magnam veniam tenetur. Facere iste animi consectetur voluptas non. Est vel velit numquam cum veritatis voluptatum sed.',5,'2019-04-19 22:00:44','2019-04-19 22:00:44'),(278,19,'Miss Reva Jast MD','Vero beatae eum similique veniam sequi reprehenderit. Deserunt at occaecati ea eos. Sunt cumque explicabo iste aut saepe illum ut. Qui modi voluptatem reprehenderit est.',3,'2019-04-19 22:00:45','2019-04-19 22:00:45'),(279,40,'Viviane Corwin','Id ullam pariatur exercitationem aperiam blanditiis. Laborum alias et repudiandae dolores consequuntur nam. Vel est aliquam animi et ut accusantium vero. Commodi sint est accusantium omnis ea magni ut.',4,'2019-04-19 22:00:45','2019-04-19 22:00:45'),(280,21,'Rebekah Marvin','Et praesentium voluptatem facilis consectetur occaecati dolor omnis possimus. Molestiae hic occaecati saepe veritatis a nulla et omnis.',2,'2019-04-19 22:00:45','2019-04-19 22:00:45'),(281,31,'Tracy Toy','Quia est iure expedita temporibus dolor quibusdam facere. Sit recusandae harum aperiam illo omnis impedit. Quia sed odit rerum assumenda quod voluptatem.',4,'2019-04-19 22:00:45','2019-04-19 22:00:45'),(282,13,'Prof. Nickolas Koch PhD','Nostrum officiis nam dolores est ducimus est. Quia molestias repellendus ut non perferendis qui a molestiae. Qui quae vitae rerum nihil ullam ut quis. Repellendus minus fuga ratione quae.',2,'2019-04-19 22:00:45','2019-04-19 22:00:45'),(283,28,'Dr. Leonard Rodriguez','Et tenetur quo voluptas et quia dicta. Repellendus iste odit voluptatem sit molestias similique quae. Est cumque earum quae impedit ad distinctio libero. Porro non assumenda blanditiis vel assumenda non reprehenderit.',0,'2019-04-19 22:00:45','2019-04-19 22:00:45'),(284,26,'Dr. Alex Murray','Ut occaecati sit rerum eligendi. Debitis et necessitatibus voluptatem aperiam consequatur. Sint officia soluta fugiat laborum ut asperiores laborum quam. Omnis porro cumque nesciunt qui et. Quod provident numquam quibusdam et.',3,'2019-04-19 22:00:45','2019-04-19 22:00:45'),(285,23,'Dr. Sandy Stehr','Eum amet assumenda qui eos beatae amet in. Qui consequatur officiis beatae unde. Consequatur ut quas esse perspiciatis nam sint.',1,'2019-04-19 22:00:45','2019-04-19 22:00:45'),(286,18,'Floyd Glover','Dolorem vel doloribus incidunt qui molestiae voluptas sit quia. Odit magni et consectetur excepturi dolores. Voluptas at cum officiis deleniti. Maxime iure perspiciatis exercitationem perferendis.',2,'2019-04-19 22:00:45','2019-04-19 22:00:45'),(287,33,'Rosetta Kulas MD','Atque et qui corrupti fugit accusantium illum nemo. Itaque eius in officiis corporis error mollitia pariatur aspernatur. Dolore esse dignissimos vitae voluptatem eligendi necessitatibus fuga. Quidem iure incidunt et. Sed voluptas hic vero omnis dolorum consequuntur quos velit.',2,'2019-04-19 22:00:45','2019-04-19 22:00:45'),(288,4,'Dr. Lauren Bechtelar PhD','Consequatur mollitia tempore temporibus. Sequi enim ad cupiditate rem distinctio dignissimos nihil. Error quo id assumenda rerum aspernatur natus. Vel voluptates cum rem.',4,'2019-04-19 22:00:45','2019-04-19 22:00:45'),(289,34,'Brian Tillman','Distinctio dolorum perspiciatis blanditiis molestiae quaerat. Error consequatur explicabo quasi sint. Explicabo totam amet aperiam architecto officiis quia.',1,'2019-04-19 22:00:45','2019-04-19 22:00:45'),(290,45,'Mr. Reid Lynch Sr.','Placeat porro sed tenetur eligendi explicabo suscipit. Sint excepturi consequatur ipsa deserunt magni. Rem facere excepturi est nulla cumque repellat. Et possimus qui quod non inventore.',4,'2019-04-19 22:00:45','2019-04-19 22:00:45'),(291,14,'Leonie Aufderhar','Voluptatibus aspernatur dolorem vel dolores omnis dolor id. Beatae saepe debitis voluptas fugit. Enim et nihil ea id laudantium minus. Vel consequuntur nihil in saepe.',5,'2019-04-19 22:00:45','2019-04-19 22:00:45'),(292,19,'Carter Funk','Odit officia commodi molestias porro assumenda suscipit hic. Adipisci sint similique corrupti nobis. Vel dolorem veniam non.',2,'2019-04-19 22:00:46','2019-04-19 22:00:46'),(293,42,'Jaydon Schaefer','Qui tenetur et magni beatae quia et ullam. Iusto iusto ipsa quia voluptatem nobis qui.',2,'2019-04-19 22:00:46','2019-04-19 22:00:46'),(294,12,'Mr. Jeffery Mann','Praesentium quibusdam aut ea eos. Sunt voluptates et quas molestiae sunt. Qui omnis possimus veritatis dolorem eum nisi ut. A rerum rerum non ut vitae unde.',3,'2019-04-19 22:00:46','2019-04-19 22:00:46'),(295,4,'Mr. Rene Price','Molestiae et minus voluptate quis rerum ut. Error totam debitis est ea ut. Molestiae enim consequuntur non velit ut mollitia corporis nam.',3,'2019-04-19 22:00:46','2019-04-19 22:00:46'),(296,35,'Quentin Jaskolski','Reiciendis dolorem facilis qui cum quos aut quis. At et eligendi perspiciatis quisquam eligendi omnis itaque. Tenetur sunt at aliquam ad recusandae consequatur.',4,'2019-04-19 22:00:46','2019-04-19 22:00:46'),(297,34,'Cheyenne Hansen','Vel eum nesciunt quia minus est. Ab ipsum sed nihil eum minima. Laudantium quis qui dolorem nemo voluptas placeat. Ratione sed fugit est labore est.',1,'2019-04-19 22:00:46','2019-04-19 22:00:46'),(298,38,'Fernando Bergstrom IV','Et veritatis eos natus enim ut voluptas. Non aut voluptatum est officia placeat est ipsa qui.',1,'2019-04-19 22:00:46','2019-04-19 22:00:46'),(299,9,'Clair Lakin','Eveniet quia ipsam magnam corrupti. Rerum beatae quam accusamus consequatur dolor voluptates. Dolorem nisi hic accusantium aspernatur laboriosam illo illo. In sit hic praesentium consequatur enim sed.',3,'2019-04-19 22:00:46','2019-04-19 22:00:46'),(300,35,'Emma Ward','Culpa non nisi rerum aliquid eos. Eos voluptate aut rerum ea odit architecto dolores. Praesentium vel laboriosam illum. Exercitationem eum labore velit ea.',4,'2019-04-19 22:00:46','2019-04-19 22:00:46');
/*!40000 ALTER TABLE `reviews` ENABLE KEYS */;
UNLOCK TABLES;

--
-- Table structure for table `users`
--

DROP TABLE IF EXISTS `users`;
/*!40101 SET @saved_cs_client     = @@character_set_client */;
/*!40101 SET character_set_client = utf8 */;
CREATE TABLE `users` (
  `id` bigint(20) unsigned NOT NULL AUTO_INCREMENT,
  `name` varchar(191) COLLATE utf8mb4_unicode_ci NOT NULL,
  `email` varchar(191) COLLATE utf8mb4_unicode_ci NOT NULL,
  `email_verified_at` timestamp NULL DEFAULT NULL,
  `password` varchar(191) COLLATE utf8mb4_unicode_ci NOT NULL,
  `remember_token` varchar(100) COLLATE utf8mb4_unicode_ci DEFAULT NULL,
  `created_at` timestamp NULL DEFAULT NULL,
  `updated_at` timestamp NULL DEFAULT NULL,
  PRIMARY KEY (`id`),
  UNIQUE KEY `users_email_unique` (`email`)
) ENGINE=InnoDB DEFAULT CHARSET=utf8mb4 COLLATE=utf8mb4_unicode_ci;
/*!40101 SET character_set_client = @saved_cs_client */;

--
-- Dumping data for table `users`
--

LOCK TABLES `users` WRITE;
/*!40000 ALTER TABLE `users` DISABLE KEYS */;
/*!40000 ALTER TABLE `users` ENABLE KEYS */;
UNLOCK TABLES;
/*!40103 SET TIME_ZONE=@OLD_TIME_ZONE */;

/*!40101 SET SQL_MODE=@OLD_SQL_MODE */;
/*!40014 SET FOREIGN_KEY_CHECKS=@OLD_FOREIGN_KEY_CHECKS */;
/*!40014 SET UNIQUE_CHECKS=@OLD_UNIQUE_CHECKS */;
/*!40101 SET CHARACTER_SET_CLIENT=@OLD_CHARACTER_SET_CLIENT */;
/*!40101 SET CHARACTER_SET_RESULTS=@OLD_CHARACTER_SET_RESULTS */;
/*!40101 SET COLLATION_CONNECTION=@OLD_COLLATION_CONNECTION */;
/*!40111 SET SQL_NOTES=@OLD_SQL_NOTES */;

-- Dump completed on 2019-04-20  9:37:26
